PITCode,SurveyDate,SurveyYear,FLength,Bin,Season,SampleNum,ScaleFinalAge,Aged,Age,Notes
3DD.007753608B,4/19/2015,2015,80,80,Spring,,,Unaged,,
3DD.00775504C5,4/21/2015,2015,80,80,Spring,,,Unaged,,
3DD.0077533D3E,4/22/2015,2015,80,80,Spring,,,Unaged,,
3DD.007754D537,4/22/2015,2015,80,80,Spring,,,Unaged,,
3DD.0077534482,4/23/2015,2015,80,80,Spring,,,Unaged,,
3DD.00775280E0,4/26/2015,2015,80,80,Spring,,,Unaged,,
3DD.0077530829,4/28/2015,2015,80,80,Spring,,,Unaged,,
3DD.00775303F5,4/30/2015,2015,80,80,Spring,15-68282,1:0,Aged,1,
3DD.00775387C7,4/30/2015,2015,80,80,Spring,,,Unaged,,
3DD.007753945C,5/3/2015,2015,80,80,Spring,,,Unaged,,
3DD.007753732D,5/4/2015,2015,80,80,Spring,15-68306,1:0,Aged,1,
3DD.0077535753,5/5/2015,2015,80,80,Spring,,,Unaged,,
3DD.0077532003,5/8/2015,2015,80,80,Spring,,,Unaged,,
3DD.0077537A2A,5/9/2015,2015,80,80,Spring,,,Unaged,,
3DD.007752C3C2,5/11/2015,2015,80,80,Spring,,,Unaged,,
3DD.0077530E38,5/12/2015,2015,80,80,Spring,,,Unaged,,
3DD.0077533692,5/14/2015,2015,80,80,Spring,,,Unaged,,
3DD.0077704D29,5/16/2015,2015,80,80,Spring,,,Unaged,,
3DD.00776F3756,5/17/2015,2015,80,80,Spring,,,Unaged,,
3DD.00776EFF7D,5/20/2015,2015,80,80,Spring,,,Unaged,,
384.3B23A148BD,3/15/2015,2015,81,80,Spring,15-68203,1:0,Aged,1,
3DD.00775305B6,3/17/2015,2015,81,80,Spring,,,Unaged,,
3DD.00775343F6,3/24/2015,2015,81,80,Spring,,,Unaged,,
3DD.0077536D95,3/30/2015,2015,81,80,Spring,,,Unaged,,
3DD.007752B599,4/21/2015,2015,81,80,Spring,15-68253,1:0,Aged,1,
3DD.007752DE3C,4/21/2015,2015,81,80,Spring,,,Unaged,,
3DD.0077533033,4/21/2015,2015,81,80,Spring,,,Unaged,,
3DD.0077549799,4/21/2015,2015,81,80,Spring,,,Unaged,,
3DD.0077534AC6,5/3/2015,2015,81,80,Spring,,,Unaged,,
3DD.0077528A3E,5/5/2015,2015,81,80,Spring,,,Unaged,,
3DD.007754AD54,5/6/2015,2015,81,80,Spring,,,Unaged,,
3DD.0077534B6E,5/9/2015,2015,81,80,Spring,,,Unaged,,
3DD.0077537F11,5/9/2015,2015,81,80,Spring,,,Unaged,,
3DD.0077531D8E,5/11/2015,2015,81,80,Spring,,,Unaged,,
3DD.00775325C6,5/13/2015,2015,81,80,Spring,,,Unaged,,
3DD.0077533594,5/13/2015,2015,81,80,Spring,,,Unaged,,
3DD.0077530A3A,5/14/2015,2015,81,80,Spring,,,Unaged,,
3DD.00775314E7,5/14/2015,2015,81,80,Spring,,,Unaged,,
3DD.0077538C65,5/14/2015,2015,81,80,Spring,,,Unaged,,
3DD.007770BFA6,5/16/2015,2015,81,80,Spring,,,Unaged,,
3DD.00776FA99A,5/17/2015,2015,81,80,Spring,,,Unaged,,
3DD.007770C403,5/17/2015,2015,81,80,Spring,,,Unaged,,
3DD.00776EC4BC,5/18/2015,2015,81,80,Spring,,,Unaged,,
3DD.00776E88AC,5/19/2015,2015,81,80,Spring,,,Unaged,,
3DD.0077533974,3/31/2015,2015,82,80,Spring,,,Unaged,,
3DD.00775305FC,4/5/2015,2015,82,80,Spring,,,Unaged,,
3DD.0077530FEA,4/18/2015,2015,82,80,Spring,,,Unaged,,
3DD.0077530ECE,4/22/2015,2015,82,80,Spring,15-68258,1:0,Aged,1,
3DD.0077531E12,4/25/2015,2015,82,80,Spring,,,Unaged,,
3DD.0077526206,4/27/2015,2015,82,80,Spring,15-68273,1:0,Aged,1,
3DD.0077530E2C,4/27/2015,2015,82,80,Spring,,,Unaged,,
3DD.0077528D11,5/3/2015,2015,82,80,Spring,,,Unaged,,
3DD.007753893F,5/3/2015,2015,82,80,Spring,,,Unaged,,
3DD.0077533001,5/4/2015,2015,82,80,Spring,,,Unaged,,
3DD.0077530944,5/6/2015,2015,82,80,Spring,,,Unaged,,
3DD.00775361FD,5/8/2015,2015,82,80,Spring,,,Unaged,,
3DD.0077531D9F,5/9/2015,2015,82,80,Spring,,,Unaged,,
3DD.0077539346,5/9/2015,2015,82,80,Spring,,,Unaged,,
3DD.00775313AB,5/10/2015,2015,82,80,Spring,,,Unaged,,
3DD.0077530F88,5/12/2015,2015,82,80,Spring,,,Unaged,,
3DD.0077537500,5/12/2015,2015,82,80,Spring,,,Unaged,,
3DD.0077703570,5/16/2015,2015,82,80,Spring,,,Unaged,,
3DD.00776E8BC8,5/17/2015,2015,82,80,Spring,,,Unaged,,
3DD.0077703767,5/17/2015,2015,82,80,Spring,,,Unaged,,
3DD.00776FCBCC,5/19/2015,2015,82,80,Spring,,,Unaged,,
3DD.0077704BAC,5/19/2015,2015,82,80,Spring,,,Unaged,,
3DD.007770EA06,5/19/2015,2015,82,80,Spring,15-68364,1:0,Aged,1,
3DD.00776F745F,5/26/2015,2015,82,80,Spring,,,Unaged,,
3DD.0077534676,4/7/2015,2015,83,80,Spring,,,Unaged,,
3DD.0077530830,4/23/2015,2015,83,80,Spring,,,Unaged,,
3DD.007752CF68,4/24/2015,2015,83,80,Spring,,,Unaged,,
3DD.0077544424,4/24/2015,2015,83,80,Spring,15-68266,1:0,Aged,1,
3DD.00775311B4,5/10/2015,2015,83,80,Spring,,,Unaged,,
3DD.007752FFA5,5/12/2015,2015,83,80,Spring,15-68337,1:0,Aged,1,
3DD.0077539255,5/13/2015,2015,83,80,Spring,15-68340,1:0,Aged,1,
3DD.00775306E0,5/14/2015,2015,83,80,Spring,15-68347,1:0,Aged,1,
3DD.0077705BD6,5/16/2015,2015,83,80,Spring,,,Unaged,,
3DD.007770BFA3,5/18/2015,2015,83,80,Spring,,,Unaged,,
3DD.0077703A48,5/19/2015,2015,83,80,Spring,,,Unaged,,
3DD.007770B20D,5/19/2015,2015,83,80,Spring,,,Unaged,,
3DD.007753022C,4/13/2015,2015,84,80,Spring,,,Unaged,,
3DD.00775389FB,4/20/2015,2015,84,80,Spring,,,Unaged,,
3DD.00775323A5,4/22/2015,2015,84,80,Spring,,,Unaged,,
3DD.0077531DDB,4/27/2015,2015,84,80,Spring,,,Unaged,,
3DD.0077536532,4/29/2015,2015,84,80,Spring,,,Unaged,,
3DD.0077527D78,5/1/2015,2015,84,80,Spring,,,Unaged,,
3DD.0077530480,5/2/2015,2015,84,80,Spring,15-68292,1:0,Aged,1,
3DD.0077536879,5/3/2015,2015,84,80,Spring,,,Unaged,,
3DD.0077536AE2,5/3/2015,2015,84,80,Spring,,,Unaged,,
3DD.00775367AA,5/5/2015,2015,84,80,Spring,,,Unaged,,
3DD.00775305CF,5/6/2015,2015,84,80,Spring,,,Unaged,,
3DD.00776E8D03,5/15/2015,2015,84,80,Spring,15-68350,1:0,Aged,1,
3DD.007770EA28,5/15/2015,2015,84,80,Spring,,,Unaged,,
3DD.00776FEFDD,5/17/2015,2015,84,80,Spring,,,Unaged,,
3DD.007770D656,5/20/2015,2015,84,80,Spring,,,Unaged,,
3DD.00776FB559,5/21/2015,2015,84,80,Spring,,,Unaged,,
3DD.00776EA9E3,5/27/2015,2015,84,80,Spring,15-68372,1:0,Aged,1,
3DD.007752C58C,3/22/2015,2015,85,80,Spring,,,Unaged,,
3DD.0077533EFD,3/31/2015,2015,85,80,Spring,,,Unaged,,
3DD.0077532ECC,4/2/2015,2015,85,80,Spring,15-68224,1:0,Aged,1,
3DD.00775305ED,4/19/2015,2015,85,80,Spring,,,Unaged,,
3DD.007752D2F1,4/20/2015,2015,85,80,Spring,,,Unaged,,
3DD.0077529A81,4/22/2015,2015,85,80,Spring,,,Unaged,,
3DD.007752B58D,4/22/2015,2015,85,80,Spring,,,Unaged,,
3DD.0077536CCF,4/27/2015,2015,85,80,Spring,,,Unaged,,
3DD.00775311D4,5/1/2015,2015,85,80,Spring,,,Unaged,,
3DD.00775298CC,5/2/2015,2015,85,80,Spring,,,Unaged,,
3DD.0077531692,5/3/2015,2015,85,80,Spring,,,Unaged,,
3DD.0077533CE2,5/3/2015,2015,85,80,Spring,,,Unaged,,
3DD.0077533BDA,5/4/2015,2015,85,80,Spring,,,Unaged,,
3DD.007753534C,5/4/2015,2015,85,80,Spring,,,Unaged,,
3DD.0077530648,5/8/2015,2015,85,80,Spring,,,Unaged,,
3DD.007752C31B,5/12/2015,2015,85,80,Spring,15-68333,1:0,Aged,1,
3DD.007752C4A5,5/12/2015,2015,85,80,Spring,,,Unaged,,
3DD.00775330D5,5/12/2015,2015,85,80,Spring,,,Unaged,,
3DD.007752FF51,5/13/2015,2015,85,80,Spring,,,Unaged,,
3DD.0077535FD6,5/13/2015,2015,85,80,Spring,,,Unaged,,
3DD.00775393E3,5/13/2015,2015,85,80,Spring,,,Unaged,,
3DD.00776EA6AD,5/19/2015,2015,85,80,Spring,,,Unaged,,
3DD.0077551CD1,3/23/2015,2015,86,80,Spring,,,Unaged,,
3DD.0077530E28,4/12/2015,2015,86,80,Spring,,,Unaged,,
3DD.00775390EE,4/23/2015,2015,86,80,Spring,,,Unaged,,
3DD.0077531D5F,4/27/2015,2015,86,80,Spring,,,Unaged,,
3DD.0077533947,5/2/2015,2015,86,80,Spring,,,Unaged,,
3DD.0077534BDC,5/2/2015,2015,86,80,Spring,,,Unaged,,
3DD.0077532FFC,5/4/2015,2015,86,80,Spring,,,Unaged,,
3DD.0077538B16,5/10/2015,2015,86,80,Spring,,,Unaged,,
3DD.007752DC87,5/11/2015,2015,86,80,Spring,,,Unaged,,
3DD.0077538ED0,5/13/2015,2015,86,80,Spring,,,Unaged,,
3DD.00776FFFC7,5/15/2015,2015,86,80,Spring,,,Unaged,,
3DD.00777033E6,5/15/2015,2015,86,80,Spring,,,Unaged,,
3DD.00776FDC89,5/16/2015,2015,86,80,Spring,,,Unaged,,
3DD.00776EA778,5/17/2015,2015,86,80,Spring,,,Unaged,,
3DD.00776F2AFC,5/17/2015,2015,86,80,Spring,,,Unaged,,
3DD.00777041AB,5/19/2015,2015,86,80,Spring,,,Unaged,,
3DD.00776FB12B,5/26/2015,2015,86,80,Spring,,,Unaged,,
3DD.0077535F02,4/21/2015,2015,87,80,Spring,,,Unaged,,
3DD.0077538C99,4/27/2015,2015,87,80,Spring,,,Unaged,,
3DD.0077530E26,4/30/2015,2015,87,80,Spring,,,Unaged,,
3DD.0077534EB1,5/4/2015,2015,87,80,Spring,,,Unaged,,
3DD.007754C102,5/5/2015,2015,87,80,Spring,,,Unaged,,
3DD.00775327DD,5/8/2015,2015,87,80,Spring,,,Unaged,,
3DD.0077537A79,5/8/2015,2015,87,80,Spring,,,Unaged,,
3DD.007753169A,5/9/2015,2015,87,80,Spring,15-68321,1:0,Aged,1,
3DD.00775307D1,5/10/2015,2015,87,80,Spring,,,Unaged,,
3DD.0077529A71,5/12/2015,2015,87,80,Spring,,,Unaged,,
3DD.0077530615,5/12/2015,2015,87,80,Spring,,,Unaged,,
3DD.00775357CA,5/12/2015,2015,87,80,Spring,,,Unaged,,
3DD.00775366BA,5/12/2015,2015,87,80,Spring,,,Unaged,,
3DD.0077534347,5/13/2015,2015,87,80,Spring,,,Unaged,,
3DD.0077538800,5/13/2015,2015,87,80,Spring,,,Unaged,,
3DD.00776FCDC6,5/17/2015,2015,87,80,Spring,,,Unaged,,
3DD.00776FB572,5/18/2015,2015,87,80,Spring,,,Unaged,,
3DD.00776F96CD,5/19/2015,2015,87,80,Spring,,,Unaged,,
3DD.0077538A40,4/15/2015,2015,88,80,Spring,15-68239,1:0,Aged,1,
3DD.0077546E57,4/18/2015,2015,88,80,Spring,,,Unaged,,
3DD.0077534ED3,4/19/2015,2015,88,80,Spring,,,Unaged,,
3DD.007753086F,4/20/2015,2015,88,80,Spring,,,Unaged,,
3DD.0077534C8A,4/20/2015,2015,88,80,Spring,,,Unaged,,
3DD.007753736A,4/20/2015,2015,88,80,Spring,,,Unaged,,
3DD.007752FC5C,4/30/2015,2015,88,80,Spring,,,Unaged,,
3DD.0077539092,4/30/2015,2015,88,80,Spring,,,Unaged,,
3DD.007754EE68,4/30/2015,2015,88,80,Spring,,,Unaged,,
3DD.0077538199,5/1/2015,2015,88,80,Spring,,,Unaged,,
3DD.0077530E41,5/2/2015,2015,88,80,Spring,,,Unaged,,
3DD.0077533124,5/2/2015,2015,88,80,Spring,,,Unaged,,
3DD.007752FCB6,5/3/2015,2015,88,80,Spring,,,Unaged,,
3DD.007753890C,5/9/2015,2015,88,80,Spring,,,Unaged,,
3DD.00776E82DD,5/15/2015,2015,88,80,Spring,,,Unaged,,
3DD.00776ED74E,5/17/2015,2015,88,80,Spring,15-68354,1:0,Aged,1,
3DD.00776FAE24,5/17/2015,2015,88,80,Spring,,,Unaged,,
3DD.007770EBC2,5/17/2015,2015,88,80,Spring,,,Unaged,,
3DD.007770E9DB,5/18/2015,2015,88,80,Spring,,,Unaged,,
3DD.00776F2CCB,5/26/2015,2015,88,80,Spring,,,Unaged,,
3DD.0077530660,3/28/2015,2015,89,80,Spring,,,Unaged,,
3DD.007752DD99,4/23/2015,2015,89,80,Spring,15-68261,1:0,Aged,1,
3DD.0077530826,4/24/2015,2015,89,80,Spring,,,Unaged,,
3DD.00775382A3,4/24/2015,2015,89,80,Spring,,,Unaged,,
3DD.00775389C6,4/24/2015,2015,89,80,Spring,,,Unaged,,
3DD.007752A907,4/29/2015,2015,89,80,Spring,,,Unaged,,
3DD.0077538999,5/4/2015,2015,89,80,Spring,15-68304,1:0,Aged,1,
3DD.0077536139,5/7/2015,2015,89,80,Spring,,,Unaged,,
3DD.0077529AAA,5/9/2015,2015,89,80,Spring,,,Unaged,,
3DD.00775310BA,5/11/2015,2015,89,80,Spring,15-68329,1:0,Aged,1,
3DD.0077532AB9,5/11/2015,2015,89,80,Spring,,,Unaged,,
3DD.0077537CE8,5/11/2015,2015,89,80,Spring,,,Unaged,,
3DD.0077535288,5/12/2015,2015,89,80,Spring,15-68332,1:0,Aged,1,
3DD.00775366D2,5/12/2015,2015,89,80,Spring,,,Unaged,,
3DD.0077529A89,5/13/2015,2015,89,80,Spring,,,Unaged,,
3DD.00776EDD34,5/16/2015,2015,89,80,Spring,,,Unaged,,
3DD.0077707DAB,5/16/2015,2015,89,80,Spring,15-68351,1:0,Aged,1,
3DD.00776FE9DC,5/17/2015,2015,89,80,Spring,,,Unaged,,
3DD.00776F3920,5/18/2015,2015,89,80,Spring,,,Unaged,,
3DD.0077538922,4/22/2015,2015,90,90,Spring,,,Unaged,,
3DD.0077513ACB,4/23/2015,2015,90,90,Spring,,,Unaged,,
3DD.0077532DB8,4/24/2015,2015,90,90,Spring,,,Unaged,,
3DD.007752C3EF,4/29/2015,2015,90,90,Spring,,,Unaged,,
3DD.007752CFA1,4/29/2015,2015,90,90,Spring,,,Unaged,,
3DD.007753704E,5/3/2015,2015,90,90,Spring,,,Unaged,,
3DD.007753949A,5/3/2015,2015,90,90,Spring,,,Unaged,,
3DD.007753812B,5/9/2015,2015,90,90,Spring,,,Unaged,,
3DD.00775387FD,5/11/2015,2015,90,90,Spring,,,Unaged,,
3DD.007752C487,5/13/2015,2015,90,90,Spring,,,Unaged,,
3DD.00775307D2,5/13/2015,2015,90,90,Spring,,,Unaged,,
3DD.0077536D1F,5/13/2015,2015,90,90,Spring,,,Unaged,,
3DD.00775352C8,5/14/2015,2015,90,90,Spring,15-68346,1:0,Aged,1,
3DD.0077532912,5/15/2015,2015,90,90,Spring,,,Unaged,,
3DD.007770AA43,5/21/2015,2015,90,90,Spring,,,Unaged,,
384.3B23A07FED,3/16/2015,2015,91,90,Spring,,,Unaged,,
3DD.007753220F,3/25/2015,2015,91,90,Spring,,,Unaged,,
3DD.0077524254,4/20/2015,2015,91,90,Spring,,,Unaged,,
3DD.0077535F50,4/23/2015,2015,91,90,Spring,,,Unaged,,
3DD.007753067F,4/26/2015,2015,91,90,Spring,15-68269,1:0,Aged,1,
3DD.0077532301,4/29/2015,2015,91,90,Spring,15-68278,1:0,Aged,1,
3DD.0077539602,5/1/2015,2015,91,90,Spring,,,Unaged,,
3DD.0077533EF9,5/3/2015,2015,91,90,Spring,15-68297,1:0,Aged,1,
3DD.007753658B,5/3/2015,2015,91,90,Spring,,,Unaged,,
3DD.0077530E7B,5/5/2015,2015,91,90,Spring,,,Unaged,,
3DD.00775575F6,5/6/2015,2015,91,90,Spring,15-68311,1:0,Aged,1,
3DD.0077530218,5/7/2015,2015,91,90,Spring,,,Unaged,,
3DD.007752FC19,5/9/2015,2015,91,90,Spring,,,Unaged,,
3DD.007752D33E,5/11/2015,2015,91,90,Spring,,,Unaged,,
3DD.007752F164,5/11/2015,2015,91,90,Spring,,,Unaged,,
3DD.007752FDAA,5/11/2015,2015,91,90,Spring,,,Unaged,,
3DD.007753416E,5/12/2015,2015,91,90,Spring,,,Unaged,,
3DD.007753433F,5/12/2015,2015,91,90,Spring,,,Unaged,,
3DD.007753109A,5/13/2015,2015,91,90,Spring,15-68343,1:0,Aged,1,
3DD.0077534B28,5/13/2015,2015,91,90,Spring,,,Unaged,,
3DD.00775388F8,5/13/2015,2015,91,90,Spring,,,Unaged,,
3DD.0077529CBC,5/14/2015,2015,91,90,Spring,,,Unaged,,
3DD.00776EA14D,5/15/2015,2015,91,90,Spring,15-68349,1:0,Aged,1,
3DD.00777025AC,5/18/2015,2015,91,90,Spring,,,Unaged,,
3DD.0077706710,5/19/2015,2015,91,90,Spring,,,Unaged,,
3DD.0077530E18,4/3/2015,2015,92,90,Spring,,,Unaged,,
3DD.007752A784,4/19/2015,2015,92,90,Spring,,,Unaged,,
3DD.007752FE64,4/19/2015,2015,92,90,Spring,,,Unaged,,
3DD.00775373C5,4/19/2015,2015,92,90,Spring,,,Unaged,,
3DD.0077532EB9,5/2/2015,2015,92,90,Spring,15-68291,1:0,Aged,1,
3DD.0077529B81,5/3/2015,2015,92,90,Spring,,,Unaged,,
3DD.0077546812,5/3/2015,2015,92,90,Spring,,,Unaged,,
3DD.007752A5E0,5/8/2015,2015,92,90,Spring,,,Unaged,,
3DD.0077538FC8,5/10/2015,2015,92,90,Spring,,,Unaged,,
3DD.00775532C7,5/10/2015,2015,92,90,Spring,,,Unaged,,
3DD.007753614C,5/11/2015,2015,92,90,Spring,,,Unaged,,
3DD.0077538E88,5/12/2015,2015,92,90,Spring,,,Unaged,,
3DD.007752B3D2,5/13/2015,2015,92,90,Spring,,,Unaged,,
3DD.00775348F3,5/13/2015,2015,92,90,Spring,,,Unaged,,
3DD.0077535717,5/14/2015,2015,92,90,Spring,,,Unaged,,
3DD.00775391EA,5/14/2015,2015,92,90,Spring,,,Unaged,,
3DD.007752F13D,5/15/2015,2015,92,90,Spring,15-68348,1:0,Aged,1,
3DD.007770F42E,5/17/2015,2015,92,90,Spring,15-68355,1:0,Aged,1,
3DD.00776EC585,5/19/2015,2015,92,90,Spring,,,Unaged,,
3DD.00776EEB2D,5/23/2015,2015,92,90,Spring,,,Unaged,,
3DD.00776F716A,5/23/2015,2015,92,90,Spring,,,Unaged,,
3DD.0077522C1D,4/19/2015,2015,93,90,Spring,,,Unaged,,
3DD.0077538B4A,4/20/2015,2015,93,90,Spring,,,Unaged,,
3DD.0077534A03,4/21/2015,2015,93,90,Spring,,,Unaged,,
3DD.007752D22F,4/22/2015,2015,93,90,Spring,15-68254,1:0,Aged,1,
3DD.00775313F7,4/24/2015,2015,93,90,Spring,,,Unaged,,
3DD.0077531DEF,4/24/2015,2015,93,90,Spring,,,Unaged,,
3DD.0077537FCC,4/24/2015,2015,93,90,Spring,,,Unaged,,
3DD.007752C4D9,4/25/2015,2015,93,90,Spring,,,Unaged,,
3DD.0077532996,4/27/2015,2015,93,90,Spring,,,Unaged,,
3DD.007753233D,4/29/2015,2015,93,90,Spring,,,Unaged,,
3DD.007752FD2F,5/3/2015,2015,93,90,Spring,,,Unaged,,
3DD.0077533637,5/3/2015,2015,93,90,Spring,,,Unaged,,
3DD.0077534C78,5/10/2015,2015,93,90,Spring,,,Unaged,,
3DD.0077533961,5/12/2015,2015,93,90,Spring,,,Unaged,,
3DD.00776F476A,5/17/2015,2015,93,90,Spring,,,Unaged,,
3DD.00776F636A,5/17/2015,2015,93,90,Spring,,,Unaged,,
3DD.00776EC149,6/2/2015,2015,93,90,Spring,,,Unaged,,
3DD.0077532014,3/21/2015,2015,94,90,Spring,,,Unaged,,
3DD.0077533341,4/14/2015,2015,94,90,Spring,,,Unaged,,
3DD.00775392E7,4/20/2015,2015,94,90,Spring,,,Unaged,,
3DD.0077537318,4/21/2015,2015,94,90,Spring,,,Unaged,,
3DD.00775513C2,4/26/2015,2015,94,90,Spring,,,Unaged,,
3DD.007752A763,4/29/2015,2015,94,90,Spring,,,Unaged,,
3DD.0077537594,4/30/2015,2015,94,90,Spring,,,Unaged,,
3DD.00775303E6,5/3/2015,2015,94,90,Spring,15-68296,1:0,Aged,1,
3DD.0077536F5B,5/3/2015,2015,94,90,Spring,,,Unaged,,
3DD.00775307CC,5/4/2015,2015,94,90,Spring,,,Unaged,,
3DD.0077536F94,5/4/2015,2015,94,90,Spring,,,Unaged,,
3DD.0077538989,5/7/2015,2015,94,90,Spring,,,Unaged,,
3DD.0077530849,5/11/2015,2015,94,90,Spring,,,Unaged,,
3DD.007753706A,5/12/2015,2015,94,90,Spring,,,Unaged,,
3DD.007753042C,5/13/2015,2015,94,90,Spring,,,Unaged,,
3DD.00775385ED,5/14/2015,2015,94,90,Spring,,,Unaged,,
3DD.00776F6CF6,5/20/2015,2015,94,90,Spring,,,Unaged,,
3DD.007770753E,5/22/2015,2015,94,90,Spring,,,Unaged,,
3DD.0077701EA3,5/26/2015,2015,94,90,Spring,15-68370,1:0,Aged,1,
3DD.00776FD90F,5/27/2015,2015,94,90,Spring,,,Unaged,,
3DD.0077530190,4/24/2015,2015,95,90,Spring,,,Unaged,,
3DD.007751D1BF,4/27/2015,2015,95,90,Spring,,,Unaged,,
3DD.007752B767,4/30/2015,2015,95,90,Spring,15-68279,1:0,Aged,1,
3DD.007752681B,5/3/2015,2015,95,90,Spring,,,Unaged,,
3DD.007752C2F6,5/4/2015,2015,95,90,Spring,,,Unaged,,
3DD.0077532921,5/4/2015,2015,95,90,Spring,,,Unaged,,
3DD.0077552ABB,5/6/2015,2015,95,90,Spring,,,Unaged,,
3DD.0077525F95,5/7/2015,2015,95,90,Spring,,,Unaged,,
3DD.007752E944,5/8/2015,2015,95,90,Spring,,,Unaged,,
3DD.0077531A5A,5/8/2015,2015,95,90,Spring,,,Unaged,,
3DD.007752A854,5/9/2015,2015,95,90,Spring,,,Unaged,,
3DD.0077530711,5/9/2015,2015,95,90,Spring,,,Unaged,,
3DD.007752E7E3,5/12/2015,2015,95,90,Spring,,,Unaged,,
3DD.007752DDA3,5/13/2015,2015,95,90,Spring,15-68339,1:0,Aged,1,
3DD.00775379EC,5/13/2015,2015,95,90,Spring,,,Unaged,,
3DD.00776FF1A7,5/15/2015,2015,95,90,Spring,,,Unaged,,
3DD.00776E8F7C,5/16/2015,2015,95,90,Spring,,,Unaged,,
3DD.00776F7848,5/16/2015,2015,95,90,Spring,,,Unaged,,
3DD.00777039B0,5/16/2015,2015,95,90,Spring,,,Unaged,,
3DD.007770407A,5/16/2015,2015,95,90,Spring,15-68353,1:0,Aged,1,
3DD.00776E82DA,5/18/2015,2015,95,90,Spring,,,Unaged,,
3DD.00776E97A8,5/18/2015,2015,95,90,Spring,,,Unaged,,
3DD.007770C182,5/18/2015,2015,95,90,Spring,,,Unaged,,
3DD.00776EDFAF,5/19/2015,2015,95,90,Spring,,,Unaged,,
3DD.0077700CE6,5/22/2015,2015,95,90,Spring,,,Unaged,,
3DD.00775322E5,4/19/2015,2015,96,90,Spring,,,Unaged,,
3DD.0077534162,4/20/2015,2015,96,90,Spring,15-68248,1:0,Aged,1,
3DD.0077531103,4/22/2015,2015,96,90,Spring,,,Unaged,,
3DD.0077529CB9,4/24/2015,2015,96,90,Spring,,,Unaged,,
3DD.0077534E81,4/24/2015,2015,96,90,Spring,,,Unaged,,
3DD.007752A5DB,4/28/2015,2015,96,90,Spring,,,Unaged,,
3DD.0077538177,4/29/2015,2015,96,90,Spring,,,Unaged,,
3DD.0077525F92,5/1/2015,2015,96,90,Spring,,,Unaged,,
3DD.00775362B1,5/1/2015,2015,96,90,Spring,15-68289,1:0,Aged,1,
3DD.0077532911,5/2/2015,2015,96,90,Spring,,,Unaged,,
3DD.007752CFD7,5/3/2015,2015,96,90,Spring,15-68300,1:0,Aged,1,
3DD.007752A761,5/8/2015,2015,96,90,Spring,,,Unaged,,
3DD.0077538E5D,5/11/2015,2015,96,90,Spring,,,Unaged,,
3DD.0077533826,5/12/2015,2015,96,90,Spring,15-68336,1:0,Aged,1,
3DD.00776FA59F,5/16/2015,2015,96,90,Spring,15-68352,1:0,Aged,1,
3DD.00775375FA,4/14/2015,2015,97,90,Spring,,,Unaged,,
3DD.007752FBA5,4/20/2015,2015,97,90,Spring,15-68249,1:0,Aged,1,
3DD.007753224D,4/24/2015,2015,97,90,Spring,,,Unaged,,
3DD.0077538BDB,4/25/2015,2015,97,90,Spring,,,Unaged,,
3DD.007753908B,5/5/2015,2015,97,90,Spring,,,Unaged,,
3DD.0077527D2F,5/8/2015,2015,97,90,Spring,,,Unaged,,
3DD.007755116B,5/9/2015,2015,97,90,Spring,,,Unaged,,
3DD.0077529A79,5/11/2015,2015,97,90,Spring,,,Unaged,,
3DD.0077529B70,5/11/2015,2015,97,90,Spring,15-68328,1:0,Aged,1,
3DD.007752DE08,5/12/2015,2015,97,90,Spring,15-68334,1:0,Aged,1,
3DD.0077534BDF,5/12/2015,2015,97,90,Spring,,,Unaged,,
3DD.00776FCE92,5/21/2015,2015,97,90,Spring,,,Unaged,,
3DD.0077538982,3/27/2015,2015,98,90,Spring,,,Unaged,,
3DD.007752A831,4/10/2015,2015,98,90,Spring,,,Unaged,,
3DD.007752FF9E,4/22/2015,2015,98,90,Spring,15-68256,1:0,Aged,1,
3DD.0077531A58,4/22/2015,2015,98,90,Spring,15-68257,1:0,Aged,1,
3DD.00775301DC,4/24/2015,2015,98,90,Spring,,,Unaged,,
3DD.0077538228,4/27/2015,2015,98,90,Spring,,,Unaged,,
3DD.007753119B,4/29/2015,2015,98,90,Spring,,,Unaged,,
3DD.00775306A5,4/30/2015,2015,98,90,Spring,,,Unaged,,
3DD.00775323B6,4/30/2015,2015,98,90,Spring,15-68283,1:0,Aged,1,
3DD.0077537A7B,5/2/2015,2015,98,90,Spring,15-68293,1:0,Aged,1,
3DD.007752B644,5/3/2015,2015,98,90,Spring,,,Unaged,,
3DD.00775394FC,5/4/2015,2015,98,90,Spring,,,Unaged,,
3DD.0077537FDC,5/8/2015,2015,98,90,Spring,,,Unaged,,
3DD.007752B76E,5/10/2015,2015,98,90,Spring,15-68325,1:0,Aged,1,
3DD.00775351B2,5/10/2015,2015,98,90,Spring,,,Unaged,,
3DD.0077528A6D,5/11/2015,2015,98,90,Spring,15-68331,1:0,Aged,1,
3DD.0077530454,5/12/2015,2015,98,90,Spring,,,Unaged,,
3DD.00775301FB,5/13/2015,2015,98,90,Spring,,,Unaged,,
3DD.00776EBBDD,5/18/2015,2015,98,90,Spring,15-68358,1:0,Aged,1,
3DD.00776F1179,5/18/2015,2015,98,90,Spring,,,Unaged,,
3DD.00775483CF,4/20/2015,2015,99,90,Spring,,,Unaged,,
3DD.0077534BEB,4/21/2015,2015,99,90,Spring,,,Unaged,,
3DD.0077534EC5,4/23/2015,2015,99,90,Spring,,,Unaged,,
3DD.0077536E61,4/24/2015,2015,99,90,Spring,15-68264,1:0,Aged,1,
3DD.0077536FED,4/26/2015,2015,99,90,Spring,15-68270,1:0,Aged,1,
3DD.0077537FDF,4/28/2015,2015,99,90,Spring,15-68275,1:0,Aged,1,
3DD.0077534C29,4/30/2015,2015,99,90,Spring,,,Unaged,,
3DD.0077537297,5/2/2015,2015,99,90,Spring,15-68294,1:0,Aged,1,
3DD.007752F155,5/6/2015,2015,99,90,Spring,,,Unaged,,
3DD.0077527379,5/9/2015,2015,99,90,Spring,,,Unaged,,
3DD.007753757B,5/9/2015,2015,99,90,Spring,,,Unaged,,
3DD.007753924F,5/10/2015,2015,99,90,Spring,,,Unaged,,
3DD.0077526701,5/11/2015,2015,99,90,Spring,,,Unaged,,
3DD.00775314E1,5/11/2015,2015,99,90,Spring,,,Unaged,,
3DD.0077528CFB,5/13/2015,2015,99,90,Spring,,,Unaged,,
3DD.007752B78B,5/13/2015,2015,99,90,Spring,,,Unaged,,
3DD.00776F6568,5/20/2015,2015,99,90,Spring,15-68366,1:0,Aged,1,
3DD.0077531A67,3/27/2015,2015,100,100,Spring,,,Unaged,,
3DD.007752FD32,3/31/2015,2015,100,100,Spring,,,Unaged,,
3DD.00775349E6,4/15/2015,2015,100,100,Spring,,,Unaged,,
3DD.0077538B5B,4/21/2015,2015,100,100,Spring,15-68251,1:0,Aged,1,
3DD.007753394B,4/27/2015,2015,100,100,Spring,,,Unaged,,
3DD.0077534BC5,4/28/2015,2015,100,100,Spring,,,Unaged,,
3DD.0077530932,4/30/2015,2015,100,100,Spring,,,Unaged,,
3DD.0077537FF0,5/3/2015,2015,100,100,Spring,,,Unaged,,
3DD.0077533848,5/6/2015,2015,100,100,Spring,,,Unaged,,
3DD.0077538001,5/6/2015,2015,100,100,Spring,,,Unaged,,
3DD.00775299D4,5/10/2015,2015,100,100,Spring,,,Unaged,,
3DD.007752FFA6,5/11/2015,2015,100,100,Spring,,,Unaged,,
3DD.0077525FED,5/14/2015,2015,100,100,Spring,,,Unaged,,
3DD.0077700ABA,5/19/2015,2015,100,100,Spring,,,Unaged,,
3DD.00776E5649,5/20/2015,2015,100,100,Spring,,,Unaged,,
3DD.00775379D5,4/17/2015,2015,101,100,Spring,,,Unaged,,
3DD.0077535845,4/19/2015,2015,101,100,Spring,,,Unaged,,
3DD.0077530B33,4/23/2015,2015,101,100,Spring,,,Unaged,,
3DD.007754F031,4/23/2015,2015,101,100,Spring,,,Unaged,,
3DD.007753156D,4/28/2015,2015,101,100,Spring,,,Unaged,,
3DD.007752FCA5,5/3/2015,2015,101,100,Spring,15-68301,1:0,Aged,1,
3DD.0077536073,5/10/2015,2015,101,100,Spring,,,Unaged,,
3DD.00775349D0,5/12/2015,2015,101,100,Spring,,,Unaged,,
3DD.007752B570,5/14/2015,2015,101,100,Spring,,,Unaged,,
3DD.0077538A46,5/14/2015,2015,101,100,Spring,,,Unaged,,
3DD.0077600622,5/17/2015,2015,101,100,Spring,,,Unaged,,
384.3B23AA6181,3/13/2015,2015,102,100,Spring,,,Unaged,,
3DD.0077538032,4/21/2015,2015,102,100,Spring,15-68252,2:0,Aged,2,
3DD.0077527F53,4/27/2015,2015,102,100,Spring,15-68272,1:0,Aged,1,
3DD.007752B586,4/30/2015,2015,102,100,Spring,,,Unaged,,
3DD.0077531DF7,4/30/2015,2015,102,100,Spring,,,Unaged,,
3DD.0077530B0C,5/1/2015,2015,102,100,Spring,,,Unaged,,
3DD.0077535AB3,5/1/2015,2015,102,100,Spring,,,Unaged,,
3DD.0077531CC8,5/2/2015,2015,102,100,Spring,,,Unaged,,
3DD.007752C498,5/4/2015,2015,102,100,Spring,,,Unaged,,
3DD.007753282B,5/5/2015,2015,102,100,Spring,,,Unaged,,
3DD.0077534B4C,5/6/2015,2015,102,100,Spring,,,Unaged,,
3DD.0077528C4B,5/11/2015,2015,102,100,Spring,15-68330,1:0,Aged,1,
3DD.007753547C,5/11/2015,2015,102,100,Spring,15-68327,1:0,Aged,1,
3DD.0077533F7D,5/12/2015,2015,102,100,Spring,,,Unaged,,
3DD.0077525C88,5/15/2015,2015,102,100,Spring,,,Unaged,,
3DD.007752C300,5/15/2015,2015,102,100,Spring,,,Unaged,,
3DD.00775349F9,4/19/2015,2015,103,100,Spring,,,Unaged,,
3DD.0077532B56,4/25/2015,2015,103,100,Spring,15-68267,1:0,Aged,1,
3DD.0077532DD3,4/25/2015,2015,103,100,Spring,,,Unaged,,
3DD.007750879E,4/29/2015,2015,103,100,Spring,,,Unaged,,
3DD.0077525FBA,4/29/2015,2015,103,100,Spring,15-68277,1:0,Aged,1,
3DD.0077530A30,5/6/2015,2015,103,100,Spring,,,Unaged,,
3DD.00775322EA,5/6/2015,2015,103,100,Spring,,,Unaged,,
3DD.0077533CB7,5/13/2015,2015,103,100,Spring,,,Unaged,,
3DD.007752FF78,5/14/2015,2015,103,100,Spring,,,Unaged,,
3DD.007770B7A3,5/16/2015,2015,103,100,Spring,,,Unaged,,
3DD.00776FA176,5/17/2015,2015,103,100,Spring,,,Unaged,,
3DD.00776F8CDC,5/23/2015,2015,103,100,Spring,,,Unaged,,
384.3B23AC2943,3/20/2015,2015,104,100,Spring,,,Unaged,,
3DD.0077537A07,4/25/2015,2015,104,100,Spring,,,Unaged,,
3DD.007752A74C,5/1/2015,2015,104,100,Spring,15-68290,1:0,Aged,1,
3DD.00775330D4,5/1/2015,2015,104,100,Spring,,,Unaged,,
3DD.0077537C0F,5/2/2015,2015,104,100,Spring,,,Unaged,,
3DD.0077538C91,5/4/2015,2015,104,100,Spring,,,Unaged,,
3DD.0077528ADB,5/6/2015,2015,104,100,Spring,15-68310,1:0,Aged,1,
3DD.0077532373,5/6/2015,2015,104,100,Spring,,,Unaged,,
3DD.0077535FD7,5/8/2015,2015,104,100,Spring,,,Unaged,,
3DD.00776EADE3,5/17/2015,2015,104,100,Spring,,,Unaged,,
3DD.00776EFB71,5/19/2015,2015,104,100,Spring,,,Unaged,,
3DD.00777065C6,5/20/2015,2015,104,100,Spring,,,Unaged,,
3DD.00776FFDED,5/23/2015,2015,104,100,Spring,15-68368,1:0,Aged,1,
3DD.00776E9835,5/26/2015,2015,104,100,Spring,,,Unaged,,
3DD.0077705CD7,5/26/2015,2015,104,100,Spring,,,Unaged,,
384.3B23ADF00B,3/13/2015,2015,105,100,Spring,,,Unaged,,
3DD.0077533693,4/10/2015,2015,105,100,Spring,,,Unaged,,
3DD.007752F0FE,4/22/2015,2015,105,100,Spring,,,Unaged,,
3DD.0077534AEF,4/22/2015,2015,105,100,Spring,,,Unaged,,
3DD.0077531DF5,4/24/2015,2015,105,100,Spring,15-68265,1:0,Aged,1,
3DD.00775353F5,4/27/2015,2015,105,100,Spring,,,Unaged,,
3DD.0077527116,5/9/2015,2015,105,100,Spring,,,Unaged,,
3DD.007753014F,4/18/2015,2015,106,100,Spring,,,Unaged,,
3DD.0077538EBB,5/1/2015,2015,106,100,Spring,,,Unaged,,
3DD.0077539363,5/1/2015,2015,106,100,Spring,,,Unaged,,
3DD.00775301AA,5/4/2015,2015,106,100,Spring,,,Unaged,,
3DD.0077536156,5/6/2015,2015,106,100,Spring,,,Unaged,,
3DD.0077530709,5/7/2015,2015,106,100,Spring,,,Unaged,,
3DD.0077535476,5/8/2015,2015,106,100,Spring,15-68317,1:0,Aged,1,
3DD.0077538AB7,5/10/2015,2015,106,100,Spring,,,Unaged,,
3DD.00777010A3,5/19/2015,2015,106,100,Spring,,,Unaged,,
3DD.007770C270,5/26/2015,2015,106,100,Spring,15-68371,1:0,Aged,1,
3DD.0077530B12,4/30/2015,2015,107,100,Spring,,,Unaged,,
3DD.0077531DA1,5/2/2015,2015,107,100,Spring,,,Unaged,,
3DD.0077546827,5/10/2015,2015,107,100,Spring,15-68324,1:0,Aged,1,
3DD.00775361F3,5/12/2015,2015,107,100,Spring,,,Unaged,,
3DD.0077533916,4/24/2015,2015,108,100,Spring,,,Unaged,,
3DD.00775327D8,4/30/2015,2015,108,100,Spring,15-68281,1:0,Aged,1,
3DD.0077526003,5/3/2015,2015,108,100,Spring,,,Unaged,,
3DD.00775360D8,5/3/2015,2015,108,100,Spring,,,Unaged,,
3DD.0077532AEA,5/5/2015,2015,108,100,Spring,15-68308,1:0,Aged,1,
3DD.007752682B,5/10/2015,2015,108,100,Spring,,,Unaged,,
3DD.0077701B58,5/18/2015,2015,108,100,Spring,,,Unaged,,
3DD.0077709B2A,5/22/2015,2015,108,100,Spring,15-68367,1:0,Aged,1,
3DD.0077531CDF,5/11/2015,2015,109,100,Spring,,,Unaged,,
3DD.00775381EA,5/13/2015,2015,109,100,Spring,,,Unaged,,
3DD.007753283C,5/15/2015,2015,109,100,Spring,,,Unaged,,
3DD.00776FAD06,5/19/2015,2015,109,100,Spring,,,Unaged,,
3DD.0077532838,5/1/2015,2015,110,110,Spring,,,Unaged,,
3DD.0077533CF0,5/8/2015,2015,110,110,Spring,15-68316,1:0,Aged,1,
3DD.0077530059,5/9/2015,2015,110,110,Spring,15-68320,1:0,Aged,1,
3DD.007770E3E5,5/23/2015,2015,110,110,Spring,,,Unaged,,
3DD.007752DCFF,4/20/2015,2015,111,110,Spring,,,Unaged,,
3DD.0077531BBB,5/4/2015,2015,111,110,Spring,,,Unaged,,
3DD.0077537BFA,5/5/2015,2015,111,110,Spring,,,Unaged,,
3DD.0077530FAB,5/9/2015,2015,111,110,Spring,,,Unaged,,
3DD.007770B268,5/20/2015,2015,111,110,Spring,,,Unaged,,
3DD.00775316C5,5/7/2015,2015,112,110,Spring,,,Unaged,,
3DD.007752B6C7,5/7/2015,2015,113,110,Spring,15-68313,1:0,Aged,1,
3DD.0077528A56,5/15/2015,2015,113,110,Spring,,,Unaged,,
3DD.007753953F,4/10/2015,2015,114,110,Spring,,,Unaged,,
3DD.0077526839,4/20/2015,2015,114,110,Spring,15-68247,2:0,Aged,2,
3DD.007752C4EA,4/24/2015,2015,114,110,Spring,,,Unaged,,
3DD.0077535803,5/1/2015,2015,114,110,Spring,,,Unaged,,
3DD.007752F0B4,5/2/2015,2015,114,110,Spring,,,Unaged,,
3DD.00775307DD,5/11/2015,2015,114,110,Spring,,,Unaged,,
3DD.0077535450,5/12/2015,2015,114,110,Spring,15-68335,1:0,Aged,1,
3DD.007753165C,4/24/2015,2015,115,110,Spring,,,Unaged,,
3DD.007752DE26,5/1/2015,2015,115,110,Spring,,,Unaged,,
3DD.0077537495,5/9/2015,2015,115,110,Spring,15-68319,1:0,Aged,1,
3DD.00776E9214,5/20/2015,2015,115,110,Spring,15-68365,1:0,Aged,1,
3DD.007752D1F9,5/3/2015,2015,116,110,Spring,15-68302,1:0,Aged,1,
3DD.0077530F15,5/6/2015,2015,116,110,Spring,,,Unaged,,
384.3B23A0FEB3,3/14/2015,2015,117,110,Spring,,,Unaged,,
3DD.0077532267,5/3/2015,2015,117,110,Spring,,,Unaged,,
3DD.0077537F80,5/8/2015,2015,117,110,Spring,,,Unaged,,
3DD.007752DDE5,4/7/2015,2015,118,110,Spring,15-68229,2:0,Aged,2,
3DD.00776F89F8,5/19/2015,2015,118,110,Spring,15-68363,1:0,Aged,1,
3DD.00775353B8,4/14/2015,2015,119,110,Spring,,,Unaged,,
3DD.0077534994,5/14/2015,2015,119,110,Spring,15-68344,1:0,Aged,1,
3DD.007753362D,4/11/2015,2015,120,120,Spring,,,Unaged,,
3DD.0077530AC2,5/2/2015,2015,120,120,Spring,,,Unaged,,
3DD.0077552A43,3/28/2015,2015,121,120,Spring,,,Unaged,,
3DD.0077527F23,3/29/2015,2015,121,120,Spring,,,Unaged,,
3DD.00775367B4,5/2/2015,2015,121,120,Spring,,,Unaged,,
3DD.00776F5DA5,5/18/2015,2015,121,120,Spring,15-68359,2:0,Aged,2,
3DD.007753080C,3/30/2015,2015,122,120,Spring,,,Unaged,,
3DD.0077532B27,3/29/2015,2015,123,120,Spring,,,Unaged,,
3DD.00775349F7,4/19/2015,2015,123,120,Spring,,,Unaged,,
3DD.00775466CA,4/21/2015,2015,123,120,Spring,,,Unaged,,
3DD.0077537D81,5/2/2015,2015,123,120,Spring,,,Unaged,,
3DD.00776EB2BE,5/22/2015,2015,123,120,Spring,,,Unaged,,
384.3B23AA56FB,3/13/2015,2015,124,120,Spring,15-68202,2:0,Aged,2,
3DD.00775270C5,3/27/2015,2015,124,120,Spring,,,Unaged,,
3DD.00775361F1,4/2/2015,2015,124,120,Spring,,,Unaged,,
3DD.00775345E5,4/22/2015,2015,124,120,Spring,,,Unaged,,
3DD.0077532DD7,5/3/2015,2015,124,120,Spring,,,Unaged,,
3DD.0077703A54,5/19/2015,2015,124,120,Spring,15-68362,2:0,Aged,2,
3DD.0077529AA1,4/23/2015,2015,125,120,Spring,,,Unaged,,
3DD.0077529B98,4/27/2015,2015,125,120,Spring,,,Unaged,,
3DD.0077535488,5/3/2015,2015,125,120,Spring,,,Unaged,,
3DD.0077538C79,3/29/2015,2015,126,120,Spring,,,Unaged,,
3DD.007752FDC1,4/29/2015,2015,126,120,Spring,,,Unaged,,
3DD.00775394E6,5/3/2015,2015,126,120,Spring,,,Unaged,,
3DD.0077529CD8,5/10/2015,2015,126,120,Spring,15-68323,1:0,Aged,1,
3DD.007752B650,5/13/2015,2015,126,120,Spring,15-68338,1:0,Aged,1,
3DD.0077538C90,4/4/2015,2015,127,120,Spring,,,Unaged,,
3DD.00775310D5,4/6/2015,2015,127,120,Spring,,,Unaged,,
3DD.0077533CA7,3/26/2015,2015,128,120,Spring,,,Unaged,,
3DD.0077537AAC,3/31/2015,2015,128,120,Spring,15-68219,2:0,Aged,2,
3DD.007752FEE8,4/2/2015,2015,128,120,Spring,,,Unaged,,
3DD.0077539478,4/22/2015,2015,128,120,Spring,,,Unaged,,
3DD.007754BF29,3/23/2015,2015,129,120,Spring,,,Unaged,,
3DD.0077538623,3/30/2015,2015,129,120,Spring,,,Unaged,,
3DD.0077528D14,5/5/2015,2015,129,120,Spring,15-68307,1:0,Aged,1,
3DD.00776FE50E,5/17/2015,2015,129,120,Spring,15-68356,1:0,Aged,1,
3DD.00775379D4,3/21/2015,2015,130,130,Spring,,,Unaged,,
3DD.00775360CA,3/31/2015,2015,130,130,Spring,15-68218,2:0,Aged,2,
3DD.007753935C,4/7/2015,2015,130,130,Spring,,,Unaged,,
3DD.00775330D0,4/8/2015,2015,130,130,Spring,,,Unaged,,
3DD.007753741F,4/30/2015,2015,130,130,Spring,,,Unaged,,
3DD.007770D39F,5/20/2015,2015,130,130,Spring,,,Unaged,,
3DD.00775305A4,3/28/2015,2015,131,130,Spring,15-68214,2:0,Aged,2,
3DD.0077537650,4/8/2015,2015,132,130,Spring,,,Unaged,,
3DD.0077530FEE,4/13/2015,2015,132,130,Spring,,,Unaged,,
3DD.0077538889,5/1/2015,2015,132,130,Spring,,,Unaged,,
3DD.0077533EE0,5/8/2015,2015,132,130,Spring,15-68315,2:0,Aged,2,
3DD.0077548DE4,5/8/2015,2015,132,130,Spring,,,Unaged,,
3DD.0077534AAE,3/28/2015,2015,133,130,Spring,,,Unaged,,
3DD.00775395A1,4/1/2015,2015,133,130,Spring,,,Unaged,,
3DD.0077530EDC,4/8/2015,2015,133,130,Spring,,,Unaged,,
3DD.0077531D45,4/19/2015,2015,133,130,Spring,,,Unaged,,
3DD.00775362CF,4/21/2015,2015,133,130,Spring,,,Unaged,,
3DD.00775308C2,4/30/2015,2015,133,130,Spring,,,Unaged,,
3DD.0077531696,5/3/2015,2015,133,130,Spring,,,Unaged,,
3DD.00775389A0,5/3/2015,2015,133,130,Spring,15-68299,2:0,Aged,2,
3DD.0077528E9F,3/30/2015,2015,134,130,Spring,,,Unaged,,
3DD.0077531CB8,4/2/2015,2015,134,130,Spring,,,Unaged,,
3DD.007751DD33,4/9/2015,2015,134,130,Spring,,,Unaged,,
3DD.0077528AC3,5/2/2015,2015,134,130,Spring,,,Unaged,,
3DD.007753436E,5/14/2015,2015,134,130,Spring,,,Unaged,,
3DD.007752FC06,4/10/2015,2015,135,130,Spring,15-68232,2:0,Aged,2,
3DD.00775200AE,4/29/2015,2015,135,130,Spring,,,Unaged,,
3DD.0077527375,4/30/2015,2015,135,130,Spring,,,Unaged,,
3DD.007753804F,5/6/2015,2015,135,130,Spring,15-68309,2:0,Aged,2,
3DD.0077531A84,4/11/2015,2015,136,130,Spring,,,Unaged,,
3DD.0077537F5D,4/27/2015,2015,136,130,Spring,,,Unaged,,
3DD.0077530B6B,4/28/2015,2015,136,130,Spring,,,Unaged,,
3DD.007752FF14,5/1/2015,2015,136,130,Spring,,,Unaged,,
3DD.00775367F1,5/1/2015,2015,136,130,Spring,,,Unaged,,
384.3B239EB35C,3/19/2015,2015,137,130,Spring,15-68205,2:0,Aged,2,
3DD.007753165D,4/2/2015,2015,137,130,Spring,,,Unaged,,
3DD.0077534E77,5/4/2015,2015,137,130,Spring,,,Unaged,,
384.3B239ED4C7,3/19/2015,2015,138,130,Spring,,,Unaged,,
384.3B23A022BA,3/20/2015,2015,138,130,Spring,,,Unaged,,
3DD.007754EDF0,3/23/2015,2015,138,130,Spring,,,Unaged,,
3DD.0077538B7F,3/28/2015,2015,138,130,Spring,,,Unaged,,
3DD.0077538803,3/31/2015,2015,138,130,Spring,,,Unaged,,
3DD.00775350EC,4/1/2015,2015,138,130,Spring,,,Unaged,,
3DD.007752C40B,4/5/2015,2015,138,130,Spring,,,Unaged,,
3DD.0077536055,4/24/2015,2015,138,130,Spring,,,Unaged,,
3DD.0077536AD0,4/30/2015,2015,138,130,Spring,,,Unaged,,
3DD.0077531634,5/11/2015,2015,138,130,Spring,,,Unaged,,
384.3B23B2604B,3/19/2015,2015,139,130,Spring,15-68206,2:0,Aged,2,
3DD.00775571FE,3/22/2015,2015,139,130,Spring,,,Unaged,,
3DD.00775357CD,4/8/2015,2015,139,130,Spring,15-68231,2:0,Aged,2,
3DD.0077538F56,4/18/2015,2015,139,130,Spring,15-68242,2:0,Aged,2,
3DD.007753677E,4/20/2015,2015,139,130,Spring,,,Unaged,,
3DD.0077532AD4,4/28/2015,2015,139,130,Spring,,,Unaged,,
3DD.007753388B,5/3/2015,2015,139,130,Spring,,,Unaged,,
3DD.00775482A3,3/29/2015,2015,140,140,Spring,,,Unaged,,
3DD.007754CE78,3/29/2015,2015,140,140,Spring,15-68215,2:0,Aged,2,
3DD.0077536091,3/31/2015,2015,140,140,Spring,,,Unaged,,
3DD.0077534AA5,4/1/2015,2015,140,140,Spring,,,Unaged,,
3DD.0077538C2B,4/21/2015,2015,140,140,Spring,,,Unaged,,
3DD.0077528C32,4/22/2015,2015,140,140,Spring,,,Unaged,,
3DD.0077529A52,4/29/2015,2015,140,140,Spring,,,Unaged,,
3DD.00775374A1,5/3/2015,2015,140,140,Spring,,,Unaged,,
3DD.0077530EE9,4/10/2015,2015,141,140,Spring,,,Unaged,,
3DD.0077537F5F,5/1/2015,2015,141,140,Spring,,,Unaged,,
3DD.0077536671,5/4/2015,2015,141,140,Spring,,,Unaged,,
3DD.00775345F5,4/2/2015,2015,142,140,Spring,,,Unaged,,
3DD.007752FC35,4/5/2015,2015,142,140,Spring,,,Unaged,,
3DD.0077530FFE,4/10/2015,2015,142,140,Spring,,,Unaged,,
3DD.0077536B08,4/13/2015,2015,142,140,Spring,,,Unaged,,
3DD.0077527E62,4/17/2015,2015,142,140,Spring,,,Unaged,,
3DD.00775301C6,4/23/2015,2015,142,140,Spring,15-68259,2:0,Aged,2,
3DD.0077537AA3,4/25/2015,2015,142,140,Spring,,,Unaged,,
3DD.007753948F,4/30/2015,2015,142,140,Spring,,,Unaged,,
3DD.00775348EA,5/1/2015,2015,142,140,Spring,,,Unaged,,
3DD.0077533709,5/2/2015,2015,142,140,Spring,,,Unaged,,
3DD.0077534ED0,5/4/2015,2015,142,140,Spring,15-68305,2:0,Aged,2,
3DD.00776FE517,5/18/2015,2015,142,140,Spring,15-68360,1:0,Aged,1,
3DD.00775387CD,3/21/2015,2015,143,140,Spring,,,Unaged,,
3DD.007753619D,3/30/2015,2015,143,140,Spring,15-68217,2:0,Aged,2,
3DD.00775311FD,4/12/2015,2015,143,140,Spring,,,Unaged,,
3DD.0077538F31,4/18/2015,2015,143,140,Spring,,,Unaged,,
3DD.0077531342,4/22/2015,2015,143,140,Spring,,,Unaged,,
3DD.0077539086,5/13/2015,2015,143,140,Spring,15-68342,2:0,Aged,2,
3DD.0077536624,3/18/2015,2015,144,140,Spring,,,Unaged,,
3DD.0077527F5C,4/3/2015,2015,144,140,Spring,,,Unaged,,
3DD.007754F1BA,4/10/2015,2015,144,140,Spring,,,Unaged,,
3DD.0077536FFF,4/29/2015,2015,144,140,Spring,,,Unaged,,
3DD.0077533D25,5/2/2015,2015,145,140,Spring,,,Unaged,,
3DD.00775372D5,5/14/2015,2015,145,140,Spring,15-68345,2:0,Aged,2,
3DD.0077534BF6,4/10/2015,2015,146,140,Spring,15-68234,3:0,Aged,3,
3DD.0077530086,4/12/2015,2015,146,140,Spring,,,Unaged,,
3DD.00775385AB,5/8/2015,2015,146,140,Spring,,,Unaged,,
3DD.0077531C5C,3/28/2015,2015,147,140,Spring,15-68213,2:0,Aged,2,
3DD.0077534BFE,4/1/2015,2015,147,140,Spring,,,Unaged,,
3DD.007752A74D,4/6/2015,2015,147,140,Spring,15-68228,2:0,Aged,2,
3DD.0077545615,4/9/2015,2015,147,140,Spring,,,Unaged,,
3DD.0077537B71,4/29/2015,2015,147,140,Spring,,,Unaged,,
3DD.00776FDDD8,5/16/2015,2015,147,140,Spring,,,Unaged,,
3DD.007753496D,3/29/2015,2015,148,140,Spring,15-68216,2:0,Aged,2,
3DD.007753004D,4/10/2015,2015,148,140,Spring,,,Unaged,,
3DD.00775336A8,4/10/2015,2015,148,140,Spring,15-68233,2:0,Aged,2,
3DD.00775395A3,4/17/2015,2015,148,140,Spring,15-68241,2:0,Aged,2,
3DD.007753913F,4/19/2015,2015,148,140,Spring,,,Unaged,,
3DD.007752B6B5,4/27/2015,2015,148,140,Spring,,,Unaged,,
3DD.00775315AA,4/30/2015,2015,148,140,Spring,,,Unaged,,
3DD.0077534353,4/30/2015,2015,148,140,Spring,,,Unaged,,
3DD.0077533D53,5/1/2015,2015,148,140,Spring,,,Unaged,,
3DD.007753664F,5/1/2015,2015,148,140,Spring,15-68285,2:0,Aged,2,
3DD.0077532FD3,5/2/2015,2015,148,140,Spring,,,Unaged,,
3DD.00775268C1,5/10/2015,2015,148,140,Spring,,,Unaged,,
3DD.007752D21C,4/1/2015,2015,149,140,Spring,,,Unaged,,
3DD.0077537FEC,4/1/2015,2015,149,140,Spring,,,Unaged,,
3DD.0077534BD5,4/12/2015,2015,149,140,Spring,,,Unaged,,
3DD.00775348B3,4/15/2015,2015,149,140,Spring,,,Unaged,,
3DD.0077533082,4/26/2015,2015,149,140,Spring,,,Unaged,,
3DD.0077535740,4/28/2015,2015,149,140,Spring,15-68274,2:0,Aged,2,
3DD.007753873E,5/1/2015,2015,149,140,Spring,,,Unaged,,
3DD.00775313F6,5/3/2015,2015,149,140,Spring,15-68295,2:0,Aged,2,
3DD.007753965B,5/3/2015,2015,149,140,Spring,,,Unaged,,
3DD.0077535CBA,5/4/2015,2015,149,140,Spring,15-68303,2:0,Aged,2,
3DD.0077534436,5/13/2015,2015,149,140,Spring,15-68341,2:0,Aged,2,
3DD.007752E876,3/29/2015,2015,150,150,Spring,,,Unaged,,
3DD.00775348E9,3/30/2015,2015,150,150,Spring,,,Unaged,,
3DD.0077531471,4/20/2015,2015,150,150,Spring,,,Unaged,,
3DD.0077536848,4/22/2015,2015,150,150,Spring,,,Unaged,,
3DD.007755017E,5/1/2015,2015,150,150,Spring,15-68286,2:0,Aged,2,
3DD.0077533343,5/3/2015,2015,150,150,Spring,15-68298,2:0,Aged,2,
3DD.00775273F5,3/18/2015,2015,151,150,Spring,,,Unaged,,
3DD.00775466AA,3/29/2015,2015,151,150,Spring,,,Unaged,,
3DD.0077533D12,4/2/2015,2015,151,150,Spring,15-68223,2:0,Aged,2,
3DD.0077527F2B,4/15/2015,2015,151,150,Spring,,,Unaged,,
3DD.007752FC65,4/23/2015,2015,151,150,Spring,15-68260,2:0,Aged,2,
3DD.00775304F6,4/27/2015,2015,151,150,Spring,15-68271,2:0,Aged,2,
3DD.0077536615,5/6/2015,2015,151,150,Spring,,,Unaged,,
3DD.0077539080,3/17/2015,2015,152,150,Spring,15-68204,2:0,Aged,2,
3DD.0077533BFE,4/20/2015,2015,152,150,Spring,,,Unaged,,
3DD.0077537AD0,4/20/2015,2015,152,150,Spring,,,Unaged,,
3DD.007752FCC8,4/22/2015,2015,152,150,Spring,,,Unaged,,
3DD.007752A788,4/25/2015,2015,152,150,Spring,,,Unaged,,
3DD.0077539110,3/17/2015,2015,153,150,Spring,,,Unaged,,
3DD.0077533673,3/27/2015,2015,153,150,Spring,,,Unaged,,
3DD.0077526B3F,4/2/2015,2015,153,150,Spring,,,Unaged,,
3DD.0077529B53,4/12/2015,2015,153,150,Spring,,,Unaged,,
3DD.00775395A8,4/24/2015,2015,153,150,Spring,,,Unaged,,
3DD.00775365F2,3/23/2015,2015,154,150,Spring,,,Unaged,,
3DD.0077554BBA,4/2/2015,2015,154,150,Spring,,,Unaged,,
3DD.00775368CA,4/8/2015,2015,154,150,Spring,,,Unaged,,
3DD.00775374E0,4/21/2015,2015,154,150,Spring,,,Unaged,,
3DD.007753393D,4/29/2015,2015,154,150,Spring,,,Unaged,,
3DD.0077537398,4/5/2015,2015,155,150,Spring,,,Unaged,,
3DD.0077532AF6,4/16/2015,2015,155,150,Spring,,,Unaged,,
3DD.0077530A6D,4/18/2015,2015,155,150,Spring,,,Unaged,,
3DD.00775272BB,4/21/2015,2015,155,150,Spring,,,Unaged,,
3DD.0077532AFE,4/28/2015,2015,155,150,Spring,,,Unaged,,
3DD.007752808F,5/1/2015,2015,155,150,Spring,,,Unaged,,
3DD.007752A722,5/1/2015,2015,155,150,Spring,15-68284,2:0,Aged,2,
3DD.00775327D9,3/30/2015,2015,156,150,Spring,,,Unaged,,
3DD.0077537F9A,4/21/2015,2015,156,150,Spring,,,Unaged,,
3DD.007752A5AF,4/24/2015,2015,156,150,Spring,,,Unaged,,
3DD.0077533165,5/1/2015,2015,156,150,Spring,,,Unaged,,
3DD.007753393E,4/1/2015,2015,157,150,Spring,,,Unaged,,
3DD.0077537022,4/4/2015,2015,157,150,Spring,,,Unaged,,
3DD.00775330E2,4/6/2015,2015,157,150,Spring,,,Unaged,,
3DD.00775266E1,4/24/2015,2015,157,150,Spring,,,Unaged,,
3DD.0077537F20,4/28/2015,2015,157,150,Spring,,,Unaged,,
3DD.00775350C8,3/21/2015,2015,158,150,Spring,15-68207,2:0,Aged,2,
3DD.0077538779,4/20/2015,2015,158,150,Spring,,,Unaged,,
3DD.0077531145,4/21/2015,2015,158,150,Spring,,,Unaged,,
3DD.00775351AF,4/25/2015,2015,158,150,Spring,,,Unaged,,
3DD.007752B3E7,4/26/2015,2015,158,150,Spring,,,Unaged,,
3DD.0077535D2B,5/3/2015,2015,158,150,Spring,,,Unaged,,
3DD.00775322CC,4/24/2015,2015,159,150,Spring,15-68262,2:0,Aged,2,
3DD.007753605D,4/28/2015,2015,159,150,Spring,,,Unaged,,
384.3B2397A68E,3/19/2015,2015,160,160,Spring,,,Unaged,,
384.3B239D8C19,3/19/2015,2015,160,160,Spring,,,Unaged,,
3DD.007752CFD2,3/26/2015,2015,160,160,Spring,,,Unaged,,
3DD.0077546921,3/29/2015,2015,160,160,Spring,,,Unaged,,
3DD.007753203A,3/31/2015,2015,160,160,Spring,,,Unaged,,
3DD.0077538EDA,4/7/2015,2015,160,160,Spring,,,Unaged,,
3DD.0077530F89,4/22/2015,2015,160,160,Spring,,,Unaged,,
3DD.0077533897,5/1/2015,2015,160,160,Spring,,,Unaged,,
3DD.00775343D6,3/29/2015,2015,161,160,Spring,,,Unaged,,
3DD.0077534356,3/31/2015,2015,161,160,Spring,,,Unaged,,
3DD.0077535352,4/23/2015,2015,161,160,Spring,,,Unaged,,
3DD.0077530A86,3/17/2015,2015,162,160,Spring,,,Unaged,,
3DD.00775345CC,3/17/2015,2015,162,160,Spring,,,Unaged,,
3DD.007752E949,3/28/2015,2015,162,160,Spring,,,Unaged,,
3DD.0077538FC0,4/10/2015,2015,162,160,Spring,,,Unaged,,
3DD.007754C103,4/11/2015,2015,162,160,Spring,15-68235,2:0,Aged,2,
3DD.0077535872,4/19/2015,2015,162,160,Spring,15-68243,2:0,Aged,2,
3DD.0077535485,4/24/2015,2015,162,160,Spring,,,Unaged,,
3DD.0077538C02,4/3/2015,2015,163,160,Spring,,,Unaged,,
3DD.007753936E,4/20/2015,2015,163,160,Spring,,,Unaged,,
3DD.007752DE76,4/21/2015,2015,163,160,Spring,,,Unaged,,
3DD.0077527E05,4/22/2015,2015,163,160,Spring,15-68255,2:0,Aged,2,
3DD.0077531373,4/7/2015,2015,164,160,Spring,,,Unaged,,
3DD.0077535139,4/14/2015,2015,164,160,Spring,15-68238,2:0,Aged,2,
3DD.00775386E6,4/22/2015,2015,164,160,Spring,,,Unaged,,
3DD.0077528BE5,4/30/2015,2015,164,160,Spring,,,Unaged,,
3DD.007752FCFB,4/30/2015,2015,164,160,Spring,15-68280,3:0,Aged,3,
3DD.007752FD52,5/1/2015,2015,164,160,Spring,,,Unaged,,
3DD.0077532EC2,4/5/2015,2015,165,160,Spring,,,Unaged,,
3DD.007752C2FF,4/9/2015,2015,165,160,Spring,,,Unaged,,
3DD.007753661D,4/15/2015,2015,165,160,Spring,,,Unaged,,
3DD.007752D0BB,4/24/2015,2015,165,160,Spring,15-68263,2:0,Aged,2,
3DD.007752B4F8,4/28/2015,2015,165,160,Spring,,,Unaged,,
3DD.00775374DF,5/1/2015,2015,165,160,Spring,,,Unaged,,
3DD.007752D211,4/9/2015,2015,166,160,Spring,,,Unaged,,
3DD.0077529A36,4/29/2015,2015,166,160,Spring,,,Unaged,,
3DD.0077528EAA,4/16/2015,2015,167,160,Spring,,,Unaged,,
3DD.007752B501,4/19/2015,2015,167,160,Spring,15-68244,2:0,Aged,2,
3DD.0077535F72,4/19/2015,2015,167,160,Spring,,,Unaged,,
3DD.00775345E2,4/12/2015,2015,168,160,Spring,,,Unaged,,
3DD.00775372B8,4/28/2015,2015,168,160,Spring,,,Unaged,,
3DD.0077535331,4/1/2015,2015,169,160,Spring,15-68222,3:0,Aged,3,
3DD.0077532842,4/5/2015,2015,169,160,Spring,,,Unaged,,
3DD.0077531AE9,4/12/2015,2015,169,160,Spring,,,Unaged,,
3DD.007752DE13,4/23/2015,2015,169,160,Spring,,,Unaged,,
3DD.0077531B86,4/26/2015,2015,169,160,Spring,,,Unaged,,
3DD.0077537FFE,5/3/2015,2015,169,160,Spring,,,Unaged,,
3DD.0077534142,4/19/2015,2015,170,170,Spring,,,Unaged,,
3DD.0077531D9B,4/24/2015,2015,170,170,Spring,,,Unaged,,
3DD.0077534EC9,4/30/2015,2015,170,170,Spring,,,Unaged,,
384.3B23B2350A,3/15/2015,2015,171,170,Spring,,,Unaged,,
3DD.0077532EC1,4/4/2015,2015,171,170,Spring,,,Unaged,,
3DD.0077533364,4/29/2015,2015,171,170,Spring,15-68276,2:0,Aged,2,
3DD.007753454F,3/23/2015,2015,172,170,Spring,15-68209,2:0,Aged,2,
3DD.0077538A5A,4/10/2015,2015,172,170,Spring,,,Unaged,,
3DD.0077527E78,4/28/2015,2015,172,170,Spring,,,Unaged,,
3DD.007752DF31,3/27/2015,2015,173,170,Spring,,,Unaged,,
3DD.0077513367,4/23/2015,2015,173,170,Spring,,,Unaged,,
3DD.00775306DF,3/26/2015,2015,175,170,Spring,15-68211,3:0,Aged,3,
3DD.0077530A4A,4/8/2015,2015,175,170,Spring,,,Unaged,,
3DD.00775150C6,4/15/2015,2015,175,170,Spring,15-68240,2:0,Aged,2,
3DD.00775379C5,4/15/2015,2015,175,170,Spring,,,Unaged,,
3DD.0077537B3D,4/3/2015,2015,176,170,Spring,15-68225,2:0,Aged,2,
3DD.0077538FBB,4/9/2015,2015,176,170,Spring,15-68230,3:0,Aged,3,
384.3B239C9845,3/20/2015,2015,177,170,Spring,,,Unaged,,
3DD.0077529A37,4/1/2015,2015,177,170,Spring,,,Unaged,,
3DD.007752804E,4/6/2015,2015,177,170,Spring,,,Unaged,,
3DD.0077538644,4/8/2015,2015,178,170,Spring,,,Unaged,,
3DD.0077537B2A,4/1/2015,2015,180,180,Spring,,,Unaged,,
3DD.007753898E,4/1/2015,2015,180,180,Spring,,,Unaged,,
3DD.007753421F,4/5/2015,2015,180,180,Spring,15-68226,3:0,Aged,3,
3DD.0077550607,4/25/2015,2015,181,180,Spring,,,Unaged,,
3DD.0077536831,4/13/2015,2015,182,180,Spring,,,Unaged,,
3DD.0077537324,4/21/2015,2015,182,180,Spring,,,Unaged,,
3DD.007752FE49,4/1/2015,2015,183,180,Spring,15-68221,3:0,Aged,3,
3DD.0077533EC2,4/1/2015,2015,183,180,Spring,15-68220,2:0,Aged,2,
3DD.0077536693,4/14/2015,2015,183,180,Spring,,,Unaged,,
3DD.0077514C05,4/12/2015,2015,184,180,Spring,,,Unaged,,
3DD.0077530B9D,3/30/2015,2015,185,180,Spring,,,Unaged,,
3DD.00775391C7,4/19/2015,2015,185,180,Spring,,,Unaged,,
3DD.00775361BF,3/22/2015,2015,187,180,Spring,,,Unaged,,
3DD.007752E7E7,4/7/2015,2015,187,180,Spring,,,Unaged,,
3DD.00775280B0,4/5/2015,2015,194,190,Spring,15-68227,3:0,Aged,3,
3DD.007752DDE0,4/27/2015,2015,194,190,Spring,,,Unaged,,
3DD.007752FDC6,3/27/2015,2015,195,190,Spring,,,Unaged,,
3DD.00775199A0,4/6/2015,2015,197,190,Spring,,,Unaged,,
3DD.00775394A6,4/12/2015,2015,199,190,Spring,15-68236,3:0,Aged,3,
3DD.0077531C77,4/7/2015,2015,200,200,Spring,,,Unaged,,
3DD.0077538E39,3/21/2015,2015,201,200,Spring,,,Unaged,,
384.3B23958521,3/15/2015,2015,205,200,Spring,,,Unaged,,
3DD.00776FD6F1,5/10/2016,2016,80,80,Spring,,,Unaged,,
3DD.00776FF23A,5/10/2016,2016,80,80,Spring,,,Unaged,,
3DD.007770661C,5/10/2016,2016,80,80,Spring,,,Unaged,,
3DD.007770958F,5/15/2016,2016,80,80,Spring,,,Unaged,,
3DD.00776E8B66,5/16/2016,2016,80,80,Spring,,,Unaged,,
3DD.00776F35F9,5/17/2016,2016,80,80,Spring,,,Unaged,,
3DD.00777011CE,5/17/2016,2016,80,80,Spring,,,Unaged,,
3DD.00776EBCA4,5/23/2016,2016,80,80,Spring,,,Unaged,,
3DD.007770812A,4/28/2016,2016,81,80,Spring,,,Unaged,,
3DD.00776FB978,5/4/2016,2016,81,80,Spring,16-69254,1:0,Aged,1,
3DD.007770DA4C,5/10/2016,2016,81,80,Spring,,,Unaged,,
3DD.0077709D65,5/11/2016,2016,81,80,Spring,,,Unaged,,
3DD.00776EA917,5/27/2016,2016,81,80,Spring,,,Unaged,,
3DD.007770F415,4/19/2016,2016,82,80,Spring,,,Unaged,,
3DD.003BCB0204,4/20/2016,2016,82,80,Spring,,,Unaged,,
3DD.00776EBE96,4/28/2016,2016,82,80,Spring,,,Unaged,,
3DD.007770646D,5/11/2016,2016,82,80,Spring,,,Unaged,,
3DD.00776EFF5E,4/17/2016,2016,83,80,Spring,,,Unaged,,
3DD.0077708158,4/26/2016,2016,83,80,Spring,,,Unaged,,
3DD.007770E2F2,5/7/2016,2016,83,80,Spring,,,Unaged,,
3DD.007770E689,5/15/2016,2016,83,80,Spring,,,Unaged,,
3DD.00776FBBB7,5/17/2016,2016,83,80,Spring,,,Unaged,,
3DD.00776FEA88,5/17/2016,2016,83,80,Spring,,,Unaged,,
3DD.0077702CAD,4/19/2016,2016,84,80,Spring,,,Unaged,,
3DD.007770F52A,4/20/2016,2016,84,80,Spring,16-69220,1:0,Aged,1,
3DD.0077701ED4,4/21/2016,2016,84,80,Spring,,,Unaged,,
3DD.00776F744F,4/26/2016,2016,84,80,Spring,,,Unaged,,
3DD.007770FD60,5/7/2016,2016,84,80,Spring,,,Unaged,,
3DD.00776E92CB,5/11/2016,2016,84,80,Spring,,,Unaged,,
3DD.00776FC8B3,5/11/2016,2016,84,80,Spring,,,Unaged,,
3DD.007770C5ED,5/14/2016,2016,84,80,Spring,,,Unaged,,
3DD.00776F032F,5/15/2016,2016,84,80,Spring,,,Unaged,,
3DD.007770418E,5/15/2016,2016,84,80,Spring,,,Unaged,,
3DD.0077708878,5/16/2016,2016,84,80,Spring,,,Unaged,,
3DD.00776E9028,5/22/2016,2016,84,80,Spring,16-69303,1:0,Aged,1,
3DD.00776F3CFD,5/25/2016,2016,84,80,Spring,,,Unaged,,
3DD.007770C7B6,4/27/2016,2016,85,80,Spring,,,Unaged,,
3DD.0077708B39,4/29/2016,2016,85,80,Spring,,,Unaged,,
3DD.00776ECFB8,5/5/2016,2016,85,80,Spring,,,Unaged,,
3DD.00776F2424,5/5/2016,2016,85,80,Spring,,,Unaged,,
3DD.007770693A,5/10/2016,2016,85,80,Spring,,,Unaged,,
3DD.007770D493,5/10/2016,2016,85,80,Spring,,,Unaged,,
3DD.00776FFFD0,5/11/2016,2016,85,80,Spring,,,Unaged,,
3DD.00776EE539,5/14/2016,2016,85,80,Spring,,,Unaged,,
3DD.00776F3260,5/15/2016,2016,85,80,Spring,,,Unaged,,
3DD.00776F6C99,5/20/2016,2016,85,80,Spring,,,Unaged,,
3DD.00776FE31B,5/21/2016,2016,85,80,Spring,,,Unaged,,
3DD.00777083F7,5/24/2016,2016,85,80,Spring,,,Unaged,,
3DD.00776F0558,5/7/2016,2016,86,80,Spring,,,Unaged,,
3DD.00776FE8E5,5/12/2016,2016,86,80,Spring,,,Unaged,,
3DD.007770C893,5/16/2016,2016,86,80,Spring,,,Unaged,,
3DD.00777047C7,5/17/2016,2016,86,80,Spring,,,Unaged,,
3DD.003BCB01E4,4/20/2016,2016,87,80,Spring,,,Unaged,,
3DD.007770290A,4/24/2016,2016,87,80,Spring,,,Unaged,,
3DD.00776E8F77,5/3/2016,2016,87,80,Spring,,,Unaged,,
3DD.0077707BEE,5/6/2016,2016,87,80,Spring,,,Unaged,,
3DD.00776F580C,5/10/2016,2016,87,80,Spring,,,Unaged,,
3DD.0077706FEF,5/10/2016,2016,87,80,Spring,,,Unaged,,
3DD.007770AB08,5/10/2016,2016,87,80,Spring,,,Unaged,,
3DD.007770952E,5/11/2016,2016,87,80,Spring,,,Unaged,,
3DD.00777071A5,5/12/2016,2016,87,80,Spring,,,Unaged,,
3DD.00776F88C2,5/19/2016,2016,87,80,Spring,,,Unaged,,
3DD.00776F4F64,5/25/2016,2016,87,80,Spring,,,Unaged,,
3DD.0077708E56,5/27/2016,2016,87,80,Spring,,,Unaged,,
3DD.00776EF6AA,5/28/2016,2016,87,80,Spring,,,Unaged,,
3DD.007770B3F3,5/28/2016,2016,87,80,Spring,,,Unaged,,
3DD.007770C6DF,4/17/2016,2016,88,80,Spring,,,Unaged,,
3DD.00776EE91D,4/22/2016,2016,88,80,Spring,,,Unaged,,
3DD.00776FA499,4/24/2016,2016,88,80,Spring,,,Unaged,,
3DD.00776EC546,5/11/2016,2016,88,80,Spring,,,Unaged,,
3DD.007770182D,5/11/2016,2016,88,80,Spring,,,Unaged,,
3DD.0077709F1C,5/16/2016,2016,88,80,Spring,,,Unaged,,
3DD.00776F0CA1,5/17/2016,2016,88,80,Spring,,,Unaged,,
3DD.00776E91D6,5/20/2016,2016,88,80,Spring,,,Unaged,,
3DD.00777091F9,5/23/2016,2016,88,80,Spring,,,Unaged,,
3DD.007770A6D5,5/25/2016,2016,88,80,Spring,16-69307,1:0,Aged,1,
3DD.00776EA6A2,5/27/2016,2016,88,80,Spring,,,Unaged,,
3DD.0077703A2B,5/28/2016,2016,88,80,Spring,,,Unaged,,
3DD.00777005A7,4/14/2016,2016,89,80,Spring,,,Unaged,,
3DD.007770C613,4/22/2016,2016,89,80,Spring,,,Unaged,,
3DD.00776FDACD,5/5/2016,2016,89,80,Spring,,,Unaged,,
3DD.00776EBC06,5/6/2016,2016,89,80,Spring,,,Unaged,,
3DD.007770D3C9,5/6/2016,2016,89,80,Spring,,,Unaged,,
3DD.00776FC3B0,5/7/2016,2016,89,80,Spring,,,Unaged,,
3DD.00776F293C,5/10/2016,2016,89,80,Spring,,,Unaged,,
3DD.007770D05D,5/10/2016,2016,89,80,Spring,,,Unaged,,
3DD.007770E9F4,5/10/2016,2016,89,80,Spring,16-69275,1:0,Aged,1,
3DD.00776F02C4,5/11/2016,2016,89,80,Spring,,,Unaged,,
3DD.007770D62B,5/16/2016,2016,89,80,Spring,,,Unaged,,
3DD.0077707BF1,5/22/2016,2016,89,80,Spring,,,Unaged,,
3DD.00776F971E,4/21/2016,2016,90,90,Spring,,,Unaged,,
3DD.007770DAFD,4/22/2016,2016,90,90,Spring,,,Unaged,,
3DD.00777069FC,5/5/2016,2016,90,90,Spring,,,Unaged,,
3DD.007770F423,5/5/2016,2016,90,90,Spring,16-69255,1:0,Aged,1,
3DD.00776EF32D,5/6/2016,2016,90,90,Spring,,,Unaged,,
3DD.007770F987,5/6/2016,2016,90,90,Spring,,,Unaged,,
3DD.007770FBC9,5/10/2016,2016,90,90,Spring,,,Unaged,,
3DD.00776FBC4A,5/11/2016,2016,90,90,Spring,,,Unaged,,
3DD.007770911C,5/14/2016,2016,90,90,Spring,,,Unaged,,
3DD.00776F1AB5,5/22/2016,2016,90,90,Spring,,,Unaged,,
3DD.0077704632,4/21/2016,2016,91,90,Spring,,,Unaged,,
3DD.00777089B2,4/21/2016,2016,91,90,Spring,16-69228,1:0,Aged,1,
3DD.0077704C53,4/23/2016,2016,91,90,Spring,,,Unaged,,
3DD.00777080FF,4/27/2016,2016,91,90,Spring,,,Unaged,,
3DD.007770E06C,4/29/2016,2016,91,90,Spring,16-69249,1:0,Aged,1,
3DD.007770C273,5/5/2016,2016,91,90,Spring,,,Unaged,,
3DD.00777027AC,5/6/2016,2016,91,90,Spring,,,Unaged,,
3DD.007770398F,5/11/2016,2016,91,90,Spring,16-69278,1:0,Aged,1,
3DD.00776EE7C1,5/16/2016,2016,91,90,Spring,16-69291,1:0,Aged,1,
3DD.0077708B1C,5/16/2016,2016,91,90,Spring,,,Unaged,,
3DD.007770DA3D,5/20/2016,2016,91,90,Spring,,,Unaged,,
3DD.00776FAA45,5/21/2016,2016,91,90,Spring,16-69302,1:0,Aged,1,
3DD.00776F3DB5,5/27/2016,2016,91,90,Spring,,,Unaged,,
3DD.00776E8CC1,4/19/2016,2016,92,90,Spring,16-69216,1:0,Aged,1,
3DD.00776F0ED5,4/28/2016,2016,92,90,Spring,,,Unaged,,
3DD.0077704C37,4/30/2016,2016,92,90,Spring,,,Unaged,,
3DD.0077706D30,4/30/2016,2016,92,90,Spring,,,Unaged,,
3DD.00776ECB31,5/5/2016,2016,92,90,Spring,,,Unaged,,
3DD.0077706AC0,5/7/2016,2016,92,90,Spring,,,Unaged,,
3DD.00776E9561,5/9/2016,2016,92,90,Spring,,,Unaged,,
3DD.007770F37C,5/12/2016,2016,92,90,Spring,,,Unaged,,
3DD.007770E924,5/14/2016,2016,92,90,Spring,,,Unaged,,
3DD.0077701EC9,5/21/2016,2016,92,90,Spring,,,Unaged,,
3DD.00776E9095,5/28/2016,2016,92,90,Spring,,,Unaged,,
3DD.0077707C68,3/22/2016,2016,93,90,Spring,,,Unaged,,
3DD.00776ED92E,4/18/2016,2016,93,90,Spring,,,Unaged,,
3DD.007770B13B,4/22/2016,2016,93,90,Spring,,,Unaged,,
3DD.00776FF89D,5/1/2016,2016,93,90,Spring,,,Unaged,,
3DD.00776EFF66,5/3/2016,2016,93,90,Spring,,,Unaged,,
3DD.007770693D,5/15/2016,2016,93,90,Spring,,,Unaged,,
3DD.007770C1B3,5/15/2016,2016,93,90,Spring,16-69286,1:0,Aged,1,
3DD.00776EE540,4/22/2016,2016,94,90,Spring,,,Unaged,,
3DD.00776FB55C,5/2/2016,2016,94,90,Spring,,,Unaged,,
3DD.0077702EE8,5/6/2016,2016,94,90,Spring,,,Unaged,,
3DD.00777043CD,5/6/2016,2016,94,90,Spring,,,Unaged,,
3DD.007770735A,5/7/2016,2016,94,90,Spring,,,Unaged,,
3DD.0077701315,5/11/2016,2016,94,90,Spring,,,Unaged,,
3DD.007770A9DC,5/14/2016,2016,94,90,Spring,16-69282,1:0,Aged,1,
3DD.00776FF896,5/15/2016,2016,94,90,Spring,,,Unaged,,
3DD.00776EBD40,5/16/2016,2016,94,90,Spring,,,Unaged,,
3DD.00777034F4,5/17/2016,2016,94,90,Spring,16-69294,1:0,Aged,1,
3DD.007770F3FB,5/17/2016,2016,94,90,Spring,,,Unaged,,
3DD.00776FACFF,5/20/2016,2016,94,90,Spring,,,Unaged,,
3DD.00776FEA95,5/21/2016,2016,94,90,Spring,,,Unaged,,
3DD.00776E84BF,5/25/2016,2016,94,90,Spring,,,Unaged,,
3DD.00776FE49B,5/26/2016,2016,94,90,Spring,,,Unaged,,
3DD.00776FC8B2,5/27/2016,2016,94,90,Spring,16-69310,1:0,Aged,1,
3DD.00776FE25A,4/8/2016,2016,95,90,Spring,,,Unaged,,
3DD.00776FC8DA,4/20/2016,2016,95,90,Spring,,,Unaged,,
3DD.00776F380C,4/30/2016,2016,95,90,Spring,,,Unaged,,
3DD.0077700377,4/30/2016,2016,95,90,Spring,,,Unaged,,
3DD.00777083C4,5/2/2016,2016,95,90,Spring,,,Unaged,,
3DD.007770840D,5/5/2016,2016,95,90,Spring,,,Unaged,,
3DD.00776FFC88,5/7/2016,2016,95,90,Spring,,,Unaged,,
3DD.0077704675,5/10/2016,2016,95,90,Spring,,,Unaged,,
3DD.00777052A7,5/10/2016,2016,95,90,Spring,,,Unaged,,
3DD.007770E840,5/10/2016,2016,95,90,Spring,,,Unaged,,
3DD.00776EB21B,5/12/2016,2016,95,90,Spring,,,Unaged,,
3DD.007770982E,5/12/2016,2016,95,90,Spring,16-69281,1:0,Aged,1,
3DD.0077709D5F,5/14/2016,2016,95,90,Spring,,,Unaged,,
3DD.007770D716,5/15/2016,2016,95,90,Spring,,,Unaged,,
3DD.00776EDC38,5/17/2016,2016,95,90,Spring,,,Unaged,,
3DD.00776FD854,5/18/2016,2016,95,90,Spring,,,Unaged,,
3DD.00776FAD3F,5/20/2016,2016,95,90,Spring,16-69301,1:0,Aged,1,
3DD.00776FB3AC,5/23/2016,2016,95,90,Spring,16-69304,1:0,Aged,1,
3DD.0077703D16,5/23/2016,2016,95,90,Spring,,,Unaged,,
3DD.00776F0231,5/28/2016,2016,95,90,Spring,16-69312,1:0,Aged,1,
3DD.0077701E2B,5/28/2016,2016,95,90,Spring,16-69311,1:0,Aged,1,
3DD.007770DCBD,2/25/2016,2016,96,90,Spring,,,Unaged,,
3DD.0077706AA2,4/21/2016,2016,96,90,Spring,,,Unaged,,
3DD.0077708E6A,5/5/2016,2016,96,90,Spring,,,Unaged,,
3DD.007770F25E,5/5/2016,2016,96,90,Spring,,,Unaged,,
3DD.00776F1222,5/6/2016,2016,96,90,Spring,,,Unaged,,
3DD.00776FCE76,5/6/2016,2016,96,90,Spring,,,Unaged,,
3DD.00777043A1,5/6/2016,2016,96,90,Spring,,,Unaged,,
3DD.0077702EAD,5/7/2016,2016,96,90,Spring,,,Unaged,,
3DD.00776EE708,5/14/2016,2016,96,90,Spring,,,Unaged,,
3DD.00776FF4DF,5/15/2016,2016,96,90,Spring,,,Unaged,,
3DD.00777052B3,5/17/2016,2016,96,90,Spring,16-69296,1:0,Aged,1,
3DD.00776EB524,4/19/2016,2016,97,90,Spring,,,Unaged,,
3DD.007770887C,4/26/2016,2016,97,90,Spring,,,Unaged,,
3DD.00776FD88F,5/5/2016,2016,97,90,Spring,,,Unaged,,
3DD.00776F7065,5/7/2016,2016,97,90,Spring,,,Unaged,,
3DD.0077704928,5/7/2016,2016,97,90,Spring,,,Unaged,,
3DD.00776F4DC3,5/10/2016,2016,97,90,Spring,16-69274,1:0,Aged,1,
3DD.00776E86B5,5/15/2016,2016,97,90,Spring,,,Unaged,,
3DD.007770D3D7,5/16/2016,2016,97,90,Spring,16-69292,1:0,Aged,1,
3DD.0077700AC6,5/17/2016,2016,97,90,Spring,,,Unaged,,
3DD.003BCB01F6,4/20/2016,2016,98,90,Spring,,,Unaged,,
3DD.00777004E9,4/22/2016,2016,98,90,Spring,,,Unaged,,
3DD.00776FE48E,4/23/2016,2016,98,90,Spring,,,Unaged,,
3DD.007770F438,4/24/2016,2016,98,90,Spring,,,Unaged,,
3DD.00776FAE5A,5/5/2016,2016,98,90,Spring,,,Unaged,,
3DD.00776FFC3F,5/5/2016,2016,98,90,Spring,,,Unaged,,
3DD.0077700CF1,5/7/2016,2016,98,90,Spring,,,Unaged,,
3DD.007770132F,5/15/2016,2016,98,90,Spring,,,Unaged,,
3DD.00777025FA,5/16/2016,2016,98,90,Spring,,,Unaged,,
3DD.00776E85F7,5/25/2016,2016,98,90,Spring,,,Unaged,,
3DD.00776ECE98,4/24/2016,2016,99,90,Spring,,,Unaged,,
3DD.007770AAF9,4/24/2016,2016,99,90,Spring,,,Unaged,,
3DD.00776FFFC4,4/25/2016,2016,99,90,Spring,,,Unaged,,
3DD.00776F8958,4/27/2016,2016,99,90,Spring,,,Unaged,,
3DD.00776F2AF8,5/7/2016,2016,99,90,Spring,,,Unaged,,
3DD.00776F35EE,5/10/2016,2016,99,90,Spring,,,Unaged,,
3DD.0077701AC6,5/10/2016,2016,99,90,Spring,,,Unaged,,
3DD.00777076D4,5/11/2016,2016,99,90,Spring,,,Unaged,,
3DD.007770C6DC,5/14/2016,2016,99,90,Spring,,,Unaged,,
3DD.00776FE7BA,5/21/2016,2016,99,90,Spring,,,Unaged,,
3DD.007770E098,5/27/2016,2016,99,90,Spring,,,Unaged,,
3DD.00776F0ED7,5/28/2016,2016,99,90,Spring,,,Unaged,,
3DD.00776F5D6E,4/9/2016,2016,100,100,Spring,16-69207,1:0,Aged,1,
3DD.00776ED89E,4/14/2016,2016,100,100,Spring,16-69210,1:0,Aged,1,
3DD.003BCB01E9,4/20/2016,2016,100,100,Spring,,,Unaged,,
3DD.00776F3B05,4/21/2016,2016,100,100,Spring,,,Unaged,,
3DD.00777027B0,4/21/2016,2016,100,100,Spring,,,Unaged,,
3DD.00776EDEB9,4/29/2016,2016,100,100,Spring,,,Unaged,,
3DD.00776ECD3F,5/1/2016,2016,100,100,Spring,,,Unaged,,
3DD.0077703DF0,5/1/2016,2016,100,100,Spring,16-69251,1:0,Aged,1,
3DD.007770D536,5/6/2016,2016,100,100,Spring,,,Unaged,,
3DD.00776FF6B2,5/8/2016,2016,100,100,Spring,,,Unaged,,
3DD.00776EB3C9,5/9/2016,2016,100,100,Spring,,,Unaged,,
3DD.0077700CE3,5/9/2016,2016,100,100,Spring,,,Unaged,,
3DD.00777098E4,5/10/2016,2016,100,100,Spring,16-69272,1:0,Aged,1,
3DD.0077702992,5/15/2016,2016,100,100,Spring,,,Unaged,,
3DD.00776FE926,5/16/2016,2016,100,100,Spring,,,Unaged,,
3DD.007770A70A,5/20/2016,2016,100,100,Spring,16-69300,1:0,Aged,1,
3DD.0077700A70,5/28/2016,2016,100,100,Spring,,,Unaged,,
3DD.00776F4C53,4/16/2016,2016,101,100,Spring,,,Unaged,,
3DD.0077705048,4/19/2016,2016,101,100,Spring,,,Unaged,,
3DD.00776E993C,4/24/2016,2016,101,100,Spring,,,Unaged,,
3DD.0077700371,5/1/2016,2016,101,100,Spring,,,Unaged,,
3DD.007770AD38,5/1/2016,2016,101,100,Spring,,,Unaged,,
3DD.00776F49A5,5/5/2016,2016,101,100,Spring,,,Unaged,,
3DD.00776F304A,5/10/2016,2016,101,100,Spring,,,Unaged,,
3DD.00777003A4,5/11/2016,2016,101,100,Spring,16-69280,1:0,Aged,1,
3DD.007770A709,5/11/2016,2016,101,100,Spring,,,Unaged,,
3DD.00776F3CE2,5/14/2016,2016,101,100,Spring,,,Unaged,,
3DD.00776EA8B0,5/28/2016,2016,101,100,Spring,,,Unaged,,
3DD.00776FAB66,4/22/2016,2016,102,100,Spring,,,Unaged,,
3DD.007770F507,4/27/2016,2016,102,100,Spring,,,Unaged,,
3DD.007770D70F,4/30/2016,2016,102,100,Spring,,,Unaged,,
3DD.007770DDCB,4/30/2016,2016,102,100,Spring,16-69250,1:0,Aged,1,
3DD.0077701870,5/5/2016,2016,102,100,Spring,16-69257,1:0,Aged,1,
3DD.00777052EC,5/7/2016,2016,102,100,Spring,,,Unaged,,
3DD.00776F8DAF,5/10/2016,2016,102,100,Spring,,,Unaged,,
3DD.00776FE11A,5/11/2016,2016,102,100,Spring,,,Unaged,,
3DD.0077703B61,5/14/2016,2016,102,100,Spring,,,Unaged,,
3DD.00777028E1,5/15/2016,2016,102,100,Spring,16-69289,1:0,Aged,1,
3DD.007770A6FF,5/16/2016,2016,102,100,Spring,16-69290,1:0,Aged,1,
3DD.00776EE04A,5/18/2016,2016,102,100,Spring,16-69297,1:0,Aged,1,
3DD.00776FE923,5/18/2016,2016,102,100,Spring,,,Unaged,,
3DD.00776FF240,5/18/2016,2016,102,100,Spring,,,Unaged,,
3DD.00776EB4EB,5/23/2016,2016,102,100,Spring,,,Unaged,,
3DD.00776F2602,4/24/2016,2016,103,100,Spring,,,Unaged,,
3DD.00776F70C6,5/3/2016,2016,103,100,Spring,,,Unaged,,
3DD.00776F5A4F,5/6/2016,2016,103,100,Spring,,,Unaged,,
3DD.00777039F5,5/7/2016,2016,103,100,Spring,,,Unaged,,
3DD.00776ECC63,5/8/2016,2016,103,100,Spring,16-69268,1:0,Aged,1,
3DD.00776EA0E4,5/15/2016,2016,103,100,Spring,,,Unaged,,
3DD.00776FEFE7,5/18/2016,2016,103,100,Spring,,,Unaged,,
3DD.007770DB05,5/20/2016,2016,103,100,Spring,,,Unaged,,
3DD.00776EDCA0,5/24/2016,2016,103,100,Spring,,,Unaged,,
3DD.00776FCAC8,4/22/2016,2016,104,100,Spring,,,Unaged,,
3DD.00776EE0A3,4/25/2016,2016,104,100,Spring,,,Unaged,,
3DD.007763C649,5/6/2016,2016,104,100,Spring,,,Unaged,,
3DD.0077704881,5/9/2016,2016,104,100,Spring,,,Unaged,,
3DD.00776E8948,5/10/2016,2016,104,100,Spring,,,Unaged,,
3DD.007770F16C,5/10/2016,2016,104,100,Spring,,,Unaged,,
3DD.00776E91E8,5/14/2016,2016,104,100,Spring,,,Unaged,,
3DD.0077709936,5/15/2016,2016,104,100,Spring,,,Unaged,,
3DD.00777045C2,5/16/2016,2016,104,100,Spring,,,Unaged,,
3DD.00776F309A,5/17/2016,2016,104,100,Spring,,,Unaged,,
3DD.007770D078,5/18/2016,2016,104,100,Spring,,,Unaged,,
3DD.00776FE527,5/20/2016,2016,104,100,Spring,,,Unaged,,
3DD.003BCB01EA,4/20/2016,2016,105,100,Spring,,,Unaged,,
3DD.00776ED713,4/22/2016,2016,105,100,Spring,,,Unaged,,
3DD.007770671A,5/1/2016,2016,105,100,Spring,,,Unaged,,
3DD.00776FD5E9,5/11/2016,2016,105,100,Spring,,,Unaged,,
3DD.007770BF9C,5/11/2016,2016,105,100,Spring,,,Unaged,,
3DD.0077707E3A,5/14/2016,2016,105,100,Spring,16-69283,1:0,Aged,1,
3DD.007770F697,5/16/2016,2016,105,100,Spring,,,Unaged,,
3DD.00776F07CF,5/17/2016,2016,105,100,Spring,,,Unaged,,
3DD.00776F756B,4/19/2016,2016,106,100,Spring,16-69219,1:0,Aged,1,
3DD.00776E9D12,4/21/2016,2016,106,100,Spring,,,Unaged,,
3DD.00776FF19E,5/25/2016,2016,106,100,Spring,,,Unaged,,
3DD.007770413B,4/24/2016,2016,107,100,Spring,16-69238,1:0,Aged,1,
3DD.0077701AF9,4/28/2016,2016,107,100,Spring,,,Unaged,,
3DD.0077709115,5/14/2016,2016,107,100,Spring,,,Unaged,,
3DD.00776EE04B,5/23/2016,2016,107,100,Spring,,,Unaged,,
3DD.0077703C32,5/6/2016,2016,108,100,Spring,,,Unaged,,
3DD.00776F0AAE,4/24/2016,2016,109,100,Spring,,,Unaged,,
3DD.00776FCBB9,4/27/2016,2016,109,100,Spring,,,Unaged,,
3DD.007770B42F,5/2/2016,2016,109,100,Spring,,,Unaged,,
3DD.00777052A8,5/5/2016,2016,109,100,Spring,16-69256,1:0,Aged,1,
3DD.00776FC2D0,5/20/2016,2016,109,100,Spring,,,Unaged,,
3DD.00776EA97E,5/5/2016,2016,110,110,Spring,,,Unaged,,
3DD.00777035A7,5/5/2016,2016,110,110,Spring,,,Unaged,,
3DD.00776EB187,5/11/2016,2016,110,110,Spring,,,Unaged,,
3DD.007770106A,5/17/2016,2016,110,110,Spring,16-69293,1:0,Aged,1,
3DD.00776E9225,5/27/2016,2016,110,110,Spring,16-69309,1:0,Aged,1,
3DD.00776F9AFE,4/6/2016,2016,111,110,Spring,,,Unaged,,
3DD.00776FF585,4/19/2016,2016,111,110,Spring,,,Unaged,,
3DD.00776F2BA4,5/6/2016,2016,111,110,Spring,16-69261,1:0,Aged,1,
3DD.007770A454,5/10/2016,2016,111,110,Spring,,,Unaged,,
3DD.00776F2AF1,5/11/2016,2016,111,110,Spring,16-69277,1:0,Aged,1,
3DD.00777055F7,5/11/2016,2016,111,110,Spring,16-69279,1:0,Aged,1,
3DD.0077706791,5/19/2016,2016,111,110,Spring,16-69299,1:0,Aged,1,
3DD.00776E3A6F,5/28/2016,2016,111,110,Spring,,,Unaged,,
3DD.003BCB0208,4/20/2016,2016,112,110,Spring,,,Unaged,,
3DD.007770031C,4/23/2016,2016,112,110,Spring,,,Unaged,,
3DD.00776FEA97,5/9/2016,2016,112,110,Spring,16-69269,1:0,Aged,1,
3DD.00777034CA,5/17/2016,2016,112,110,Spring,,,Unaged,,
3DD.007770D4AB,5/18/2016,2016,112,110,Spring,,,Unaged,,
3DD.00776FFFC6,5/20/2016,2016,112,110,Spring,,,Unaged,,
3DD.00776F9ED2,5/23/2016,2016,112,110,Spring,,,Unaged,,
3DD.00776FD884,4/20/2016,2016,113,110,Spring,,,Unaged,,
3DD.00776FEA96,4/22/2016,2016,113,110,Spring,16-69230,2:0,Aged,2,
3DD.007770CD98,4/24/2016,2016,113,110,Spring,,,Unaged,,
3DD.00776F0CBB,5/5/2016,2016,113,110,Spring,,,Unaged,,
3DD.00776FDDE6,5/7/2016,2016,113,110,Spring,,,Unaged,,
3DD.00776EFBAF,5/15/2016,2016,113,110,Spring,16-69287,1:0,Aged,1,
3DD.007770E921,5/18/2016,2016,113,110,Spring,,,Unaged,,
3DD.007770AD25,5/1/2016,2016,114,110,Spring,,,Unaged,,
3DD.00776F01C4,5/3/2016,2016,114,110,Spring,,,Unaged,,
3DD.0077709C4E,5/5/2016,2016,114,110,Spring,,,Unaged,,
3DD.00777078EE,5/15/2016,2016,114,110,Spring,,,Unaged,,
3DD.00776FD599,5/16/2016,2016,114,110,Spring,,,Unaged,,
3DD.00777003A9,5/18/2016,2016,114,110,Spring,,,Unaged,,
3DD.007770EC0D,5/20/2016,2016,114,110,Spring,,,Unaged,,
3DD.0077701AC8,5/26/2016,2016,114,110,Spring,,,Unaged,,
3DD.0077706320,5/9/2016,2016,115,110,Spring,,,Unaged,,
3DD.00776F3E26,5/23/2016,2016,115,110,Spring,16-69305,2:0,Aged,2,
3DD.007770E713,5/23/2016,2016,115,110,Spring,,,Unaged,,
3DD.00776FE685,5/26/2016,2016,115,110,Spring,,,Unaged,,
3DD.003BCB01CA,4/20/2016,2016,116,110,Spring,,,Unaged,,
3DD.0077706801,4/22/2016,2016,116,110,Spring,,,Unaged,,
3DD.0077707E6C,4/23/2016,2016,116,110,Spring,,,Unaged,,
3DD.00776F14C0,4/28/2016,2016,116,110,Spring,16-69247,1:0,Aged,1,
3DD.0077702EE2,4/28/2016,2016,116,110,Spring,,,Unaged,,
3DD.0077708B2C,5/5/2016,2016,116,110,Spring,,,Unaged,,
3DD.0077704F52,5/7/2016,2016,116,110,Spring,16-69266,1:0,Aged,1,
3DD.007770C59B,5/11/2016,2016,116,110,Spring,,,Unaged,,
3DD.0077705BFA,4/26/2016,2016,117,110,Spring,,,Unaged,,
3DD.007770F0BE,5/14/2016,2016,117,110,Spring,,,Unaged,,
3DD.00776F362A,5/15/2016,2016,117,110,Spring,,,Unaged,,
3DD.003BCB0228,4/20/2016,2016,118,110,Spring,16-69223,2:0,Aged,2,
3DD.00776FB2B6,5/6/2016,2016,118,110,Spring,,,Unaged,,
3DD.0077706A0A,4/22/2016,2016,119,110,Spring,,,Unaged,,
3DD.00777026EE,5/7/2016,2016,119,110,Spring,16-69265,1:0,Aged,1,
3DD.00776E1F86,5/14/2016,2016,119,110,Spring,16-69285,1:0,Aged,1,
3DD.00776EB74A,5/17/2016,2016,119,110,Spring,16-69295,1:0,Aged,1,
3DD.00776F68DC,2/29/2016,2016,120,120,Spring,,,Unaged,,
3DD.00776EB764,5/6/2016,2016,120,120,Spring,,,Unaged,,
3DD.0077705B9F,5/19/2016,2016,120,120,Spring,,,Unaged,,
3DD.00776F95E5,5/28/2016,2016,120,120,Spring,,,Unaged,,
3DD.00776F786F,4/30/2016,2016,121,120,Spring,,,Unaged,,
3DD.0077706ADF,3/16/2016,2016,122,120,Spring,,,Unaged,,
3DD.00776FE907,3/22/2016,2016,122,120,Spring,,,Unaged,,
3DD.00776FB5E9,4/15/2016,2016,122,120,Spring,,,Unaged,,
3DD.0077705623,4/27/2016,2016,122,120,Spring,16-69245,1:0,Aged,1,
3DD.00776E9B40,4/24/2016,2016,123,120,Spring,,,Unaged,,
3DD.0077703B73,4/30/2016,2016,123,120,Spring,,,Unaged,,
3DD.007770D037,5/10/2016,2016,123,120,Spring,16-69276,2:0,Aged,2,
3DD.0077707BC6,4/25/2016,2016,124,120,Spring,,,Unaged,,
3DD.00776F6637,5/6/2016,2016,124,120,Spring,16-69262,2:0,Aged,2,
3DD.007770E74D,4/12/2016,2016,125,120,Spring,,,Unaged,,
3DD.007770FA52,4/15/2016,2016,125,120,Spring,16-69211,2:0,Aged,2,
3DD.00776FB065,4/24/2016,2016,125,120,Spring,,,Unaged,,
3DD.00776F3DC0,4/22/2016,2016,126,120,Spring,,,Unaged,,
3DD.00777036C9,4/24/2016,2016,126,120,Spring,,,Unaged,,
3DD.00776E8FB9,4/28/2016,2016,126,120,Spring,,,Unaged,,
3DD.007770D620,5/24/2016,2016,126,120,Spring,,,Unaged,,
3DD.0077705B49,5/10/2016,2016,127,120,Spring,16-69271,2:0,Aged,2,
3DD.00776EA628,5/28/2016,2016,127,120,Spring,,,Unaged,,
3DD.0077704FE7,3/14/2016,2016,128,120,Spring,,,Unaged,,
3DD.00776F921B,4/24/2016,2016,128,120,Spring,,,Unaged,,
3DD.0077705073,4/26/2016,2016,128,120,Spring,,,Unaged,,
3DD.00776FEB2F,4/15/2016,2016,129,120,Spring,,,Unaged,,
3DD.0077702C1C,4/22/2016,2016,129,120,Spring,,,Unaged,,
3DD.007770A9F2,4/22/2016,2016,129,120,Spring,16-69229,2:0,Aged,2,
3DD.007770EEF2,4/23/2016,2016,129,120,Spring,,,Unaged,,
3DD.007770E2D9,5/6/2016,2016,129,120,Spring,,,Unaged,,
3DD.00776EC344,4/15/2016,2016,130,130,Spring,,,Unaged,,
3DD.007770C1B0,4/29/2016,2016,130,130,Spring,,,Unaged,,
3DD.00776F2B12,5/5/2016,2016,130,130,Spring,,,Unaged,,
3DD.007770F6B9,5/27/2016,2016,130,130,Spring,,,Unaged,,
3DD.00776FF05D,4/21/2016,2016,131,130,Spring,,,Unaged,,
3DD.00776FC2DD,4/28/2016,2016,131,130,Spring,,,Unaged,,
3DD.00776F0402,5/15/2016,2016,131,130,Spring,16-69288,1:0,Aged,1,
3DD.00776FBAE1,5/19/2016,2016,131,130,Spring,,,Unaged,,
3DD.007770A9F5,4/12/2016,2016,132,130,Spring,16-69209,2:0,Aged,2,
3DD.00776ED962,5/1/2016,2016,132,130,Spring,16-69252,2:0,Aged,2,
3DD.00776E98D6,4/16/2016,2016,133,130,Spring,,,Unaged,,
3DD.0077704F1F,4/18/2016,2016,133,130,Spring,,,Unaged,,
3DD.0077706316,4/26/2016,2016,133,130,Spring,16-69243,2:0,Aged,2,
3DD.007770B15F,5/6/2016,2016,133,130,Spring,,,Unaged,,
3DD.00776F17A7,5/10/2016,2016,133,130,Spring,,,Unaged,,
3DD.00776EC58A,4/21/2016,2016,134,130,Spring,16-69227,2:0,Aged,2,
3DD.0077704891,4/22/2016,2016,134,130,Spring,,,Unaged,,
3DD.00776EB718,5/11/2016,2016,134,130,Spring,,,Unaged,,
3DD.0077705075,5/14/2016,2016,134,130,Spring,16-69284,1:0,Aged,1,
3DD.00776EF901,4/22/2016,2016,135,130,Spring,16-69231,2:0,Aged,2,
3DD.00777028FC,4/29/2016,2016,135,130,Spring,,,Unaged,,
3DD.0077704C5A,5/5/2016,2016,135,130,Spring,,,Unaged,,
3DD.0077704935,5/6/2016,2016,135,130,Spring,16-69260,2:0,Aged,2,
3DD.00776FC8F5,5/16/2016,2016,135,130,Spring,,,Unaged,,
3DD.00777072FC,5/25/2016,2016,135,130,Spring,,,Unaged,,
3DD.00776E8CF7,4/21/2016,2016,136,130,Spring,,,Unaged,,
3DD.00776EF591,5/6/2016,2016,136,130,Spring,,,Unaged,,
3DD.00776EF619,5/24/2016,2016,136,130,Spring,16-69306,1:0,Aged,1,
3DD.00776ED258,4/11/2016,2016,137,130,Spring,,,Unaged,,
3DD.003BCB01DC,4/20/2016,2016,137,130,Spring,,,Unaged,,
3DD.0077705B3F,4/23/2016,2016,137,130,Spring,,,Unaged,,
3DD.00776FFFAC,4/11/2016,2016,138,130,Spring,,,Unaged,,
3DD.007770BEFF,4/24/2016,2016,138,130,Spring,16-69239,2:0,Aged,2,
3DD.00776FC34C,4/25/2016,2016,138,130,Spring,16-69242,2:0,Aged,2,
3DD.00776ECF6E,5/26/2016,2016,138,130,Spring,,,Unaged,,
3DD.00776F49E8,4/5/2016,2016,139,130,Spring,,,Unaged,,
3DD.00776EB118,4/19/2016,2016,139,130,Spring,,,Unaged,,
3DD.00776F1130,5/6/2016,2016,139,130,Spring,16-69263,2:0,Aged,2,
3DD.00776E8A9F,5/15/2016,2016,139,130,Spring,,,Unaged,,
3DD.00777051DD,5/15/2016,2016,139,130,Spring,,,Unaged,,
3DD.0077706740,4/18/2016,2016,140,140,Spring,,,Unaged,,
3DD.0077706E09,4/9/2016,2016,141,140,Spring,,,Unaged,,
3DD.007770EBCD,4/21/2016,2016,141,140,Spring,,,Unaged,,
3DD.00776E9D1A,4/22/2016,2016,141,140,Spring,16-69232,2:0,Aged,2,
3DD.007770F7C0,4/25/2016,2016,141,140,Spring,,,Unaged,,
3DD.00776EC9C3,5/5/2016,2016,141,140,Spring,16-69258,2:0,Aged,2,
3DD.0077702A13,4/18/2016,2016,142,140,Spring,,,Unaged,,
3DD.0077707EC6,4/18/2016,2016,142,140,Spring,,,Unaged,,
3DD.00776F2B7D,4/19/2016,2016,142,140,Spring,,,Unaged,,
3DD.003BCB01CD,4/20/2016,2016,142,140,Spring,,,Unaged,,
3DD.00776FAEA3,4/20/2016,2016,142,140,Spring,16-69221,2:0,Aged,2,
3DD.00776E838E,4/22/2016,2016,142,140,Spring,,,Unaged,,
3DD.00776ED22E,5/24/2016,2016,142,140,Spring,,,Unaged,,
3DD.00776F05B7,3/22/2016,2016,143,140,Spring,16-69203,2:0,Aged,2,
3DD.00776E4B42,4/3/2016,2016,143,140,Spring,,,Unaged,,
3DD.0077703704,4/11/2016,2016,143,140,Spring,,,Unaged,,
3DD.0077706A84,4/18/2016,2016,143,140,Spring,,,Unaged,,
3DD.003BCB01DB,4/20/2016,2016,143,140,Spring,,,Unaged,,
3DD.00776F8D1C,4/25/2016,2016,143,140,Spring,,,Unaged,,
3DD.00776FBA97,4/7/2016,2016,144,140,Spring,,,Unaged,,
3DD.00776F80FE,4/19/2016,2016,144,140,Spring,,,Unaged,,
3DD.0077702CA0,4/24/2016,2016,144,140,Spring,16-69237,2:0,Aged,2,
3DD.00776E83F0,5/3/2016,2016,144,140,Spring,,,Unaged,,
3DD.003BCB01E2,4/20/2016,2016,145,140,Spring,,,Unaged,,
3DD.00776F3D1E,4/22/2016,2016,145,140,Spring,,,Unaged,,
3DD.00776ECB0D,4/29/2016,2016,145,140,Spring,16-69248,2:0,Aged,2,
3DD.0077703CE9,5/7/2016,2016,145,140,Spring,,,Unaged,,
3DD.00776FD87D,4/15/2016,2016,146,140,Spring,,,Unaged,,
3DD.00776E9B50,4/19/2016,2016,146,140,Spring,,,Unaged,,
3DD.007770B333,4/24/2016,2016,146,140,Spring,16-69240,2:0,Aged,2,
3DD.00776EA932,5/14/2016,2016,146,140,Spring,,,Unaged,,
3DD.007770B41E,5/23/2016,2016,146,140,Spring,,,Unaged,,
3DD.00776FF54F,4/21/2016,2016,147,140,Spring,,,Unaged,,
3DD.0077705439,4/21/2016,2016,147,140,Spring,,,Unaged,,
3DD.007770AC21,5/10/2016,2016,147,140,Spring,16-69270,2:0,Aged,2,
3DD.00777057F8,3/18/2016,2016,148,140,Spring,,,Unaged,,
3DD.00776E9922,4/17/2016,2016,148,140,Spring,16-69213,2:0,Aged,2,
3DD.00776EB7BC,4/21/2016,2016,148,140,Spring,16-69225,2:0,Aged,2,
3DD.00776F3397,5/6/2016,2016,148,140,Spring,16-69259,2:0,Aged,2,
3DD.0077708B4A,4/15/2016,2016,149,140,Spring,,,Unaged,,
3DD.007770B7D1,4/20/2016,2016,149,140,Spring,,,Unaged,,
3DD.00776FE780,4/21/2016,2016,149,140,Spring,,,Unaged,,
3DD.00776F3DD2,4/19/2016,2016,150,150,Spring,,,Unaged,,
3DD.007770958E,4/26/2016,2016,150,150,Spring,16-69244,2:0,Aged,2,
3DD.007770EBF6,4/21/2016,2016,151,150,Spring,,,Unaged,,
3DD.007770198F,4/19/2016,2016,152,150,Spring,,,Unaged,,
3DD.007770A4D7,4/23/2016,2016,152,150,Spring,,,Unaged,,
3DD.00776FCFBA,5/26/2016,2016,152,150,Spring,,,Unaged,,
3DD.007770FBCC,4/4/2016,2016,153,150,Spring,16-69204,2:0,Aged,2,
3DD.007770E047,4/9/2016,2016,153,150,Spring,,,Unaged,,
3DD.00776FB94C,4/15/2016,2016,154,150,Spring,,,Unaged,,
3DD.007770F4EC,4/17/2016,2016,154,150,Spring,,,Unaged,,
3DD.00776E8C02,4/19/2016,2016,154,150,Spring,,,Unaged,,
3DD.003BCB0223,4/20/2016,2016,154,150,Spring,,,Unaged,,
3DD.00777059D5,4/11/2016,2016,155,150,Spring,,,Unaged,,
3DD.003BCB01D8,4/20/2016,2016,155,150,Spring,16-69222,2:0,Aged,2,
3DD.00776FB325,4/21/2016,2016,155,150,Spring,,,Unaged,,
3DD.00776FD5A5,4/28/2016,2016,155,150,Spring,16-69246,2:0,Aged,2,
3DD.00776EFF65,4/9/2016,2016,156,150,Spring,,,Unaged,,
3DD.00776ED03E,4/18/2016,2016,156,150,Spring,,,Unaged,,
3DD.00776FE714,4/5/2016,2016,157,150,Spring,,,Unaged,,
3DD.00776FBD66,4/10/2016,2016,157,150,Spring,,,Unaged,,
3DD.00776FE195,4/23/2016,2016,157,150,Spring,16-69235,2:0,Aged,2,
3DD.00776F86DA,4/25/2016,2016,157,150,Spring,,,Unaged,,
3DD.00776F0177,5/6/2016,2016,157,150,Spring,16-69264,2:0,Aged,2,
3DD.007770C7EA,4/22/2016,2016,158,150,Spring,,,Unaged,,
3DD.007770E146,4/23/2016,2016,158,150,Spring,,,Unaged,,
3DD.007770D49C,4/25/2016,2016,158,150,Spring,,,Unaged,,
3DD.007770BF96,4/18/2016,2016,159,150,Spring,16-69215,2:0,Aged,2,
3DD.00776E9210,4/23/2016,2016,159,150,Spring,,,Unaged,,
3DD.00776FD710,4/24/2016,2016,159,150,Spring,,,Unaged,,
3DD.00776EAE84,4/19/2016,2016,161,160,Spring,,,Unaged,,
3DD.00776E8409,4/22/2016,2016,161,160,Spring,,,Unaged,,
3DD.00776F6791,4/22/2016,2016,161,160,Spring,,,Unaged,,
3DD.007770A481,4/22/2016,2016,161,160,Spring,,,Unaged,,
3DD.00776EEE61,4/27/2016,2016,161,160,Spring,,,Unaged,,
3DD.0077707527,4/18/2016,2016,162,160,Spring,,,Unaged,,
3DD.0077705AC9,4/19/2016,2016,162,160,Spring,,,Unaged,,
3DD.007770B0A3,4/21/2016,2016,162,160,Spring,16-69226,2:0,Aged,2,
3DD.007770A623,4/23/2016,2016,162,160,Spring,,,Unaged,,
3DD.0077708F61,4/24/2016,2016,162,160,Spring,,,Unaged,,
3DD.003BCB0210,4/20/2016,2016,163,160,Spring,,,Unaged,,
3DD.00776F3BAC,4/20/2016,2016,163,160,Spring,,,Unaged,,
3DD.00776F886B,4/28/2016,2016,163,160,Spring,,,Unaged,,
3DD.00776FA580,4/3/2016,2016,164,160,Spring,,,Unaged,,
3DD.00776F78A9,4/8/2016,2016,164,160,Spring,,,Unaged,,
3DD.00776ECF05,4/18/2016,2016,164,160,Spring,16-69214,2:0,Aged,2,
3DD.00776EE5CB,4/23/2016,2016,165,160,Spring,,,Unaged,,
3DD.00777051E0,4/9/2016,2016,167,160,Spring,,,Unaged,,
3DD.00776FB7DB,4/14/2016,2016,167,160,Spring,,,Unaged,,
3DD.00777098D6,4/24/2016,2016,168,160,Spring,16-69241,3:0,Aged,3,
3DD.00776EC064,4/29/2016,2016,168,160,Spring,,,Unaged,,
3DD.007770990B,4/7/2016,2016,169,160,Spring,16-69205,2:0,Aged,2,
3DD.00776FE442,4/8/2016,2016,170,170,Spring,,,Unaged,,
3DD.00776FF70A,4/16/2016,2016,171,170,Spring,,,Unaged,,
3DD.0077705A93,4/9/2016,2016,172,170,Spring,16-69206,3:0,Aged,3,
3DD.007770DAE4,4/9/2016,2016,172,170,Spring,,,Unaged,,
3DD.0077708180,4/19/2016,2016,172,170,Spring,16-69218,3:0,Aged,3,
3DD.0077703585,4/28/2016,2016,172,170,Spring,,,Unaged,,
3DD.007770B3EF,4/10/2016,2016,173,170,Spring,,,Unaged,,
3DD.00776ED9CA,4/25/2016,2016,174,170,Spring,,,Unaged,,
3DD.0077704E86,4/19/2016,2016,175,170,Spring,16-69217,2:0,Aged,2,
3DD.00776F9EE6,4/20/2016,2016,175,170,Spring,,,Unaged,,
3DD.00776FDE47,3/23/2016,2016,176,170,Spring,,,Unaged,,
3DD.00777027D1,4/22/2016,2016,176,170,Spring,16-69234,2:0,Aged,2,
3DD.00776FCB8E,4/11/2016,2016,177,170,Spring,,,Unaged,,
3DD.003BCB01EB,4/20/2016,2016,177,170,Spring,,,Unaged,,
3DD.00776EAE4A,4/19/2016,2016,179,170,Spring,,,Unaged,,
3DD.00776F2DB1,4/22/2016,2016,179,170,Spring,,,Unaged,,
3DD.0077700F4D,4/22/2016,2016,179,170,Spring,16-69233,2:0,Aged,2,
3DD.0077704EA4,4/15/2016,2016,180,180,Spring,,,Unaged,,
3DD.007770B330,4/16/2016,2016,183,180,Spring,16-69212,3:0,Aged,3,
3DD.0077706453,4/21/2016,2016,183,180,Spring,,,Unaged,,
3DD.00776ED900,4/11/2016,2016,184,180,Spring,16-69208,3:0,Aged,3,
3DD.0077704CAA,4/24/2016,2016,184,180,Spring,,,Unaged,,
3DD.00776F4DA2,3/8/2016,2016,186,180,Spring,,,Unaged,,
3DD.0077709CAA,4/2/2016,2016,187,180,Spring,,,Unaged,,
3DD.0077704E7A,3/8/2016,2016,189,180,Spring,,,Unaged,,
3DD.00777006C7,4/23/2016,2016,194,190,Spring,,,Unaged,,
3DD.00776F80FB,5/7/2016,2016,199,190,Spring,,,Unaged,,
3DD.00777051CA,4/21/2016,2016,206,200,Spring,,,Unaged,,
3DD.007770E36C,5/17/2016,2016,287,280,Spring,,,Unaged,,
3DD.0077AF2AE7,4/15/2017,2017,76,70,Spring,,,Unaged,,
3DD.0077AF809A,4/15/2017,2017,76,70,Spring,,,Unaged,,
3DD.0077AF0DE8,4/15/2017,2017,78,70,Spring,,,Unaged,,
3DD.00776FB90D,4/6/2017,2017,80,80,Spring,,,Unaged,,
3DD.00776FB284,4/7/2017,2017,80,80,Spring,,,Unaged,,
3DD.0077B6E9D2,4/17/2017,2017,80,80,Spring,,,Unaged,,
3DD.0077AF3818,4/19/2017,2017,80,80,Spring,,,Unaged,,
3DD.007770AADA,4/22/2017,2017,80,80,Spring,,,Unaged,,
3DD.00776F0557,4/23/2017,2017,80,80,Spring,17-69236,1:0,Aged,1,
3DD.00776F57B7,4/24/2017,2017,80,80,Spring,,,Unaged,,
3DD.007770BEDD,4/25/2017,2017,80,80,Spring,,,Unaged,,
3DD.00776E893D,4/26/2017,2017,80,80,Spring,,,Unaged,,
3DD.00776FCAE2,4/27/2017,2017,80,80,Spring,,,Unaged,,
3DD.00776EBC82,5/5/2017,2017,80,80,Spring,,,Unaged,,
3DD.00776FCBB2,5/5/2017,2017,80,80,Spring,,,Unaged,,
3DD.00776FF89C,5/5/2017,2017,80,80,Spring,17-69265,1:0,Aged,1,
3DD.00776FDB02,5/6/2017,2017,80,80,Spring,,,Unaged,,
3DD.00776FE9A1,5/6/2017,2017,80,80,Spring,,,Unaged,,
3DD.007770C18B,5/6/2017,2017,80,80,Spring,,,Unaged,,
3DD.00776FF6B6,5/8/2017,2017,80,80,Spring,,,Unaged,,
3DD.007770AC38,5/11/2017,2017,80,80,Spring,,,Unaged,,
3DD.00777047BC,5/12/2017,2017,80,80,Spring,,,Unaged,,
3DD.00777055F3,5/18/2017,2017,80,80,Spring,,,Unaged,,
3DD.0077700FF5,5/19/2017,2017,80,80,Spring,,,Unaged,,
3DD.00776FD5B6,5/23/2017,2017,80,80,Spring,,,Unaged,,
3DD.00776EF992,5/24/2017,2017,80,80,Spring,,,Unaged,,
3DD.00776F14E9,5/24/2017,2017,80,80,Spring,,,Unaged,,
3DD.00777025E2,5/24/2017,2017,80,80,Spring,,,Unaged,,
3DD.007770B79A,5/24/2017,2017,80,80,Spring,,,Unaged,,
3DD.00776E8B5F,5/25/2017,2017,80,80,Spring,,,Unaged,,
3DD.0077700D76,5/25/2017,2017,80,80,Spring,,,Unaged,,
3DD.0077706ADD,5/25/2017,2017,80,80,Spring,,,Unaged,,
3DD.00777048F0,5/26/2017,2017,80,80,Spring,,,Unaged,,
3DD.00776F769B,5/27/2017,2017,80,80,Spring,,,Unaged,,
3DD.0077701789,5/27/2017,2017,80,80,Spring,,,Unaged,,
3DD.0077705047,6/2/2017,2017,80,80,Spring,,,Unaged,,
3DD.0077B6BC99,4/17/2017,2017,81,80,Spring,,,Unaged,,
3DD.007770F4EE,5/8/2017,2017,81,80,Spring,,,Unaged,,
3DD.0077708EC0,5/10/2017,2017,81,80,Spring,,,Unaged,,
3DD.00776EECE2,5/12/2017,2017,81,80,Spring,,,Unaged,,
3DD.0077707355,5/16/2017,2017,81,80,Spring,17-69327,1:0,Aged,1,
3DD.0077705CD5,5/21/2017,2017,81,80,Spring,,,Unaged,,
3DD.00776EB047,5/24/2017,2017,81,80,Spring,,,Unaged,,
3DD.007770F78A,5/25/2017,2017,81,80,Spring,,,Unaged,,
3DD.007770C8B3,5/26/2017,2017,81,80,Spring,,,Unaged,,
3DD.007770EC02,5/26/2017,2017,81,80,Spring,,,Unaged,,
3DD.007770AA95,6/2/2017,2017,81,80,Spring,,,Unaged,,
3DD.007770108A,4/8/2017,2017,82,80,Spring,,,Unaged,,
3DD.0077AF376F,4/10/2017,2017,82,80,Spring,17-69214,1:0,Aged,1,
3DD.0077AF37C2,4/20/2017,2017,82,80,Spring,,,Unaged,,
3DD.00776FE130,4/23/2017,2017,82,80,Spring,,,Unaged,,
3DD.00776F77DB,4/26/2017,2017,82,80,Spring,17-69243,1:0,Aged,1,
3DD.003BC9E187,5/4/2017,2017,82,80,Spring,,,Unaged,,
3DD.0077702E2B,5/5/2017,2017,82,80,Spring,,,Unaged,,
3DD.00776FDD1B,5/6/2017,2017,82,80,Spring,,,Unaged,,
3DD.0077703CCD,5/6/2017,2017,82,80,Spring,,,Unaged,,
3DD.007770708F,5/6/2017,2017,82,80,Spring,,,Unaged,,
3DD.007770DBC8,5/6/2017,2017,82,80,Spring,,,Unaged,,
3DD.00777082E0,5/22/2017,2017,82,80,Spring,,,Unaged,,
3DD.00776E94F9,5/24/2017,2017,82,80,Spring,,,Unaged,,
3DD.0077709FC1,5/25/2017,2017,82,80,Spring,,,Unaged,,
3DD.0077702D01,5/29/2017,2017,82,80,Spring,,,Unaged,,
3DD.0077B69491,4/20/2017,2017,83,80,Spring,,,Unaged,,
3DD.0077B6BBA0,4/20/2017,2017,83,80,Spring,,,Unaged,,
3DD.0077B6BE6C,4/21/2017,2017,83,80,Spring,,,Unaged,,
3DD.00776F96B6,5/1/2017,2017,83,80,Spring,,,Unaged,,
3DD.003BC9E19A,5/3/2017,2017,83,80,Spring,,,Unaged,,
3DD.00776EF532,5/6/2017,2017,83,80,Spring,,,Unaged,,
3DD.00776F405D,5/6/2017,2017,83,80,Spring,,,Unaged,,
3DD.00776F4F4E,5/6/2017,2017,83,80,Spring,,,Unaged,,
3DD.00777090F1,5/7/2017,2017,83,80,Spring,,,Unaged,,
3DD.007770563B,5/17/2017,2017,83,80,Spring,,,Unaged,,
3DD.0077706AE5,5/17/2017,2017,83,80,Spring,,,Unaged,,
3DD.00776F0353,5/22/2017,2017,83,80,Spring,17-69359,1:0,Aged,1,
3DD.0077708202,5/26/2017,2017,83,80,Spring,,,Unaged,,
3DD.00776FC39D,5/28/2017,2017,83,80,Spring,,,Unaged,,
3DD.00776FEF41,6/1/2017,2017,83,80,Spring,,,Unaged,,
3DD.007770EEC6,4/7/2017,2017,84,80,Spring,,,Unaged,,
3DD.0077B5D952,4/12/2017,2017,84,80,Spring,,,Unaged,,
3DD.0077B6D0B9,4/18/2017,2017,84,80,Spring,17-69227,1:0,Aged,1,
3DD.0077AF45AF,4/19/2017,2017,84,80,Spring,,,Unaged,,
3DD.0077AE4A84,4/20/2017,2017,84,80,Spring,,,Unaged,,
3DD.00776F3755,4/22/2017,2017,84,80,Spring,,,Unaged,,
3DD.003BC9E1CF,5/2/2017,2017,84,80,Spring,,,Unaged,,
3DD.00776EE4B7,5/5/2017,2017,84,80,Spring,,,Unaged,,
3DD.007770FB8F,5/5/2017,2017,84,80,Spring,,,Unaged,,
3DD.007770C5C7,5/7/2017,2017,84,80,Spring,,,Unaged,,
3DD.00776ED958,5/8/2017,2017,84,80,Spring,,,Unaged,,
3DD.00776F23CA,5/8/2017,2017,84,80,Spring,,,Unaged,,
3DD.00776EF2B3,5/10/2017,2017,84,80,Spring,,,Unaged,,
3DD.00776FD620,5/14/2017,2017,84,80,Spring,,,Unaged,,
3DD.007770D62D,5/17/2017,2017,84,80,Spring,,,Unaged,,
3DD.00776EBBE6,5/19/2017,2017,84,80,Spring,,,Unaged,,
3DD.00776E8911,5/20/2017,2017,84,80,Spring,,,Unaged,,
3DD.0077709C6D,5/23/2017,2017,84,80,Spring,,,Unaged,,
3DD.007770A445,5/24/2017,2017,84,80,Spring,,,Unaged,,
3DD.0077701950,5/25/2017,2017,84,80,Spring,,,Unaged,,
3DD.00777036ED,5/27/2017,2017,84,80,Spring,,,Unaged,,
3DD.00776FB2D4,5/29/2017,2017,84,80,Spring,,,Unaged,,
3DD.00776FCF08,5/29/2017,2017,84,80,Spring,17-78001,1:0,Aged,1,
3DD.00776EFFC3,4/4/2017,2017,85,80,Spring,,,Unaged,,
3DD.0077B6DBDA,4/11/2017,2017,85,80,Spring,,,Unaged,,
3DD.0077B6A216,4/19/2017,2017,85,80,Spring,17-69228,1:0,Aged,1,
3DD.0077AEE3ED,4/21/2017,2017,85,80,Spring,,,Unaged,,
3DD.00776F4DB7,4/23/2017,2017,85,80,Spring,,,Unaged,,
3DD.00776FB176,4/24/2017,2017,85,80,Spring,,,Unaged,,
3DD.00776F2D54,4/25/2017,2017,85,80,Spring,,,Unaged,,
3DD.007770C860,5/5/2017,2017,85,80,Spring,,,Unaged,,
3DD.00776F81E2,5/7/2017,2017,85,80,Spring,,,Unaged,,
3DD.00776FFFA8,5/11/2017,2017,85,80,Spring,,,Unaged,,
3DD.007770C22B,5/13/2017,2017,85,80,Spring,,,Unaged,,
3DD.00776F577B,5/16/2017,2017,85,80,Spring,,,Unaged,,
3DD.007770B94B,5/16/2017,2017,85,80,Spring,,,Unaged,,
3DD.00776F0B79,5/20/2017,2017,85,80,Spring,,,Unaged,,
3DD.007770EEBF,5/23/2017,2017,85,80,Spring,17-69366,1:0,Aged,1,
3DD.0077703972,5/24/2017,2017,85,80,Spring,,,Unaged,,
3DD.0077704D75,5/24/2017,2017,85,80,Spring,,,Unaged,,
3DD.00776ED732,5/25/2017,2017,85,80,Spring,,,Unaged,,
3DD.00776FC380,5/25/2017,2017,85,80,Spring,,,Unaged,,
3DD.00776FD5E4,5/25/2017,2017,85,80,Spring,,,Unaged,,
3DD.007770C5FC,5/25/2017,2017,85,80,Spring,,,Unaged,,
3DD.0077704679,5/27/2017,2017,85,80,Spring,,,Unaged,,
3DD.00776F51C3,5/28/2017,2017,85,80,Spring,,,Unaged,,
3DD.0077701819,5/30/2017,2017,85,80,Spring,,,Unaged,,
3DD.0077704454,4/6/2017,2017,86,80,Spring,,,Unaged,,
3DD.0077702CD0,4/8/2017,2017,86,80,Spring,,,Unaged,,
3DD.0077AE64FE,4/13/2017,2017,86,80,Spring,17-69217,1:0,Aged,1,
3DD.0077BC6327,4/15/2017,2017,86,80,Spring,17-69221,1:0,Aged,1,
3DD.0077B5F177,4/20/2017,2017,86,80,Spring,,,Unaged,,
3DD.0077B6F4F4,4/20/2017,2017,86,80,Spring,,,Unaged,,
3DD.00776F4EC7,4/25/2017,2017,86,80,Spring,,,Unaged,,
3DD.003BC9E1D7,5/2/2017,2017,86,80,Spring,,,Unaged,,
3DD.003BC9E191,5/3/2017,2017,86,80,Spring,,,Unaged,,
3DD.003BC9E1BE,5/3/2017,2017,86,80,Spring,,,Unaged,,
3DD.0077702DFC,5/6/2017,2017,86,80,Spring,,,Unaged,,
3DD.00776E9DBA,5/10/2017,2017,86,80,Spring,,,Unaged,,
3DD.00776F0CAB,5/13/2017,2017,86,80,Spring,17-69315,1:0,Aged,1,
3DD.0077705C19,5/13/2017,2017,86,80,Spring,,,Unaged,,
3DD.007770D027,5/22/2017,2017,86,80,Spring,,,Unaged,,
3DD.00776FD850,5/24/2017,2017,86,80,Spring,,,Unaged,,
3DD.00776EEC54,5/25/2017,2017,86,80,Spring,17-69378,1:0,Aged,1,
3DD.00777057E5,5/25/2017,2017,86,80,Spring,,,Unaged,,
3DD.007770ACE0,5/26/2017,2017,86,80,Spring,,,Unaged,,
3DD.007770D70C,5/26/2017,2017,86,80,Spring,,,Unaged,,
3DD.00776ECB23,5/27/2017,2017,86,80,Spring,,,Unaged,,
3DD.00777005DE,4/7/2017,2017,87,80,Spring,,,Unaged,,
3DD.00776E94F8,4/9/2017,2017,87,80,Spring,,,Unaged,,
3DD.0077AF51E3,4/11/2017,2017,87,80,Spring,,,Unaged,,
3DD.0077ADB88F,4/13/2017,2017,87,80,Spring,,,Unaged,,
3DD.0077AF6AD5,4/19/2017,2017,87,80,Spring,,,Unaged,,
3DD.0077B69A1F,4/19/2017,2017,87,80,Spring,,,Unaged,,
3DD.0077B704C4,4/20/2017,2017,87,80,Spring,17-69230,1:0,Aged,1,
3DD.007770A459,4/23/2017,2017,87,80,Spring,,,Unaged,,
3DD.007770962D,4/29/2017,2017,87,80,Spring,,,Unaged,,
3DD.00777053AD,5/2/2017,2017,87,80,Spring,,,Unaged,,
3DD.003BC9E1C7,5/4/2017,2017,87,80,Spring,,,Unaged,,
3DD.003BC9E1DA,5/4/2017,2017,87,80,Spring,17-69264,1:0,Aged,1,
3DD.00776EFBE1,5/6/2017,2017,87,80,Spring,,,Unaged,,
3DD.00776F4EED,5/6/2017,2017,87,80,Spring,,,Unaged,,
3DD.00776F96C6,5/6/2017,2017,87,80,Spring,,,Unaged,,
3DD.0077702F9C,5/6/2017,2017,87,80,Spring,,,Unaged,,
3DD.00776E85EA,5/7/2017,2017,87,80,Spring,,,Unaged,,
3DD.00776F851B,5/7/2017,2017,87,80,Spring,,,Unaged,,
3DD.0077704020,5/7/2017,2017,87,80,Spring,,,Unaged,,
3DD.007770755E,5/10/2017,2017,87,80,Spring,,,Unaged,,
3DD.007770D392,5/20/2017,2017,87,80,Spring,,,Unaged,,
3DD.00777048E0,5/24/2017,2017,87,80,Spring,,,Unaged,,
3DD.0077704634,5/26/2017,2017,87,80,Spring,,,Unaged,,
3DD.00776FC481,5/27/2017,2017,87,80,Spring,,,Unaged,,
3DD.007770534D,5/29/2017,2017,87,80,Spring,,,Unaged,,
3DD.00777034B8,5/30/2017,2017,87,80,Spring,,,Unaged,,
3DD.007770489E,6/2/2017,2017,87,80,Spring,17-78005,1:0,Aged,1,
3DD.0077702217,4/6/2017,2017,88,80,Spring,17-69204,1:0,Aged,1,
3DD.00777040BA,4/7/2017,2017,88,80,Spring,17-69207,1:0,Aged,1,
3DD.0077ADDEA9,4/15/2017,2017,88,80,Spring,,,Unaged,,
3DD.007770BF9F,4/30/2017,2017,88,80,Spring,17-69248,1:0,Aged,1,
3DD.003BC9E1AC,5/3/2017,2017,88,80,Spring,17-69256,1:0,Aged,1,
3DD.003BC9E18E,5/4/2017,2017,88,80,Spring,17-69259,1:0,Aged,1,
3DD.003BC9E1D5,5/4/2017,2017,88,80,Spring,,,Unaged,,
3DD.00777036A0,5/6/2017,2017,88,80,Spring,,,Unaged,,
3DD.007770184E,5/8/2017,2017,88,80,Spring,,,Unaged,,
3DD.00776F489C,5/10/2017,2017,88,80,Spring,,,Unaged,,
3DD.00776FF249,5/11/2017,2017,88,80,Spring,,,Unaged,,
3DD.007770EDA2,5/13/2017,2017,88,80,Spring,,,Unaged,,
3DD.00776FC940,5/16/2017,2017,88,80,Spring,,,Unaged,,
3DD.00777001B8,5/16/2017,2017,88,80,Spring,,,Unaged,,
3DD.00776F6714,5/17/2017,2017,88,80,Spring,,,Unaged,,
3DD.00776F91A3,5/18/2017,2017,88,80,Spring,,,Unaged,,
3DD.00777077AC,5/20/2017,2017,88,80,Spring,,,Unaged,,
3DD.00776ED24E,5/21/2017,2017,88,80,Spring,,,Unaged,,
3DD.00776E9517,5/23/2017,2017,88,80,Spring,,,Unaged,,
3DD.007770CE80,5/24/2017,2017,88,80,Spring,,,Unaged,,
3DD.00776F362E,5/25/2017,2017,88,80,Spring,,,Unaged,,
3DD.00776F5CBB,5/25/2017,2017,88,80,Spring,,,Unaged,,
3DD.0077705AB8,5/25/2017,2017,88,80,Spring,,,Unaged,,
3DD.007770E0A5,5/25/2017,2017,88,80,Spring,,,Unaged,,
3DD.00776FA873,4/6/2017,2017,89,80,Spring,,,Unaged,,
3DD.0077701334,4/8/2017,2017,89,80,Spring,17-69211,1:0,Aged,1,
3DD.007770BFB0,4/8/2017,2017,89,80,Spring,,,Unaged,,
3DD.0077B6A61B,4/16/2017,2017,89,80,Spring,,,Unaged,,
3DD.0077B6CA72,4/19/2017,2017,89,80,Spring,,,Unaged,,
3DD.0077B6FBE2,4/19/2017,2017,89,80,Spring,,,Unaged,,
3DD.0077AF611B,4/20/2017,2017,89,80,Spring,,,Unaged,,
3DD.003BC9E1B5,5/4/2017,2017,89,80,Spring,,,Unaged,,
3DD.003BC9E1D2,5/4/2017,2017,89,80,Spring,,,Unaged,,
3DD.0077704433,5/5/2017,2017,89,80,Spring,,,Unaged,,
3DD.00776F0800,5/9/2017,2017,89,80,Spring,,,Unaged,,
3DD.00776F2D77,5/9/2017,2017,89,80,Spring,17-69304,1:0,Aged,1,
3DD.00777083B3,5/9/2017,2017,89,80,Spring,,,Unaged,,
3DD.00777005D7,5/11/2017,2017,89,80,Spring,,,Unaged,,
3DD.007770E080,5/16/2017,2017,89,80,Spring,17-69329,1:0,Aged,1,
3DD.0077704271,5/19/2017,2017,89,80,Spring,,,Unaged,,
3DD.00776EE502,5/20/2017,2017,89,80,Spring,,,Unaged,,
3DD.00777063DB,5/22/2017,2017,89,80,Spring,,,Unaged,,
3DD.0077708B63,5/22/2017,2017,89,80,Spring,,,Unaged,,
3DD.007770ECF2,5/22/2017,2017,89,80,Spring,,,Unaged,,
3DD.00776F8897,5/24/2017,2017,89,80,Spring,,,Unaged,,
3DD.00777035A1,5/26/2017,2017,89,80,Spring,,,Unaged,,
3DD.007770FD56,5/27/2017,2017,89,80,Spring,,,Unaged,,
3DD.00776F9608,5/29/2017,2017,89,80,Spring,,,Unaged,,
3DD.00776FCBC1,6/2/2017,2017,89,80,Spring,,,Unaged,,
3DD.00777056F0,4/6/2017,2017,90,90,Spring,,,Unaged,,
3DD.00776EC5B6,4/7/2017,2017,90,90,Spring,,,Unaged,,
3DD.00777034C4,4/7/2017,2017,90,90,Spring,,,Unaged,,
3DD.007770E113,4/7/2017,2017,90,90,Spring,,,Unaged,,
3DD.0077B666AC,4/14/2017,2017,90,90,Spring,17-69219,1:0,Aged,1,
3DD.00776FDDE3,4/26/2017,2017,90,90,Spring,,,Unaged,,
3DD.00776F8490,4/30/2017,2017,90,90,Spring,,,Unaged,,
3DD.0077705AE8,5/2/2017,2017,90,90,Spring,,,Unaged,,
3DD.00776F2F42,5/5/2017,2017,90,90,Spring,,,Unaged,,
3DD.00776F360D,5/5/2017,2017,90,90,Spring,,,Unaged,,
3DD.00776FFE50,5/5/2017,2017,90,90,Spring,,,Unaged,,
3DD.007770C252,5/5/2017,2017,90,90,Spring,,,Unaged,,
3DD.007770C5DC,5/5/2017,2017,90,90,Spring,,,Unaged,,
3DD.00776EDBFD,5/6/2017,2017,90,90,Spring,,,Unaged,,
3DD.00776EE7DC,5/8/2017,2017,90,90,Spring,,,Unaged,,
3DD.007770A574,5/9/2017,2017,90,90,Spring,,,Unaged,,
3DD.00776E9137,5/11/2017,2017,90,90,Spring,17-69308,1:0,Aged,1,
3DD.00776F139E,5/12/2017,2017,90,90,Spring,,,Unaged,,
3DD.00776FCC83,5/17/2017,2017,90,90,Spring,,,Unaged,,
3DD.00776FDA59,5/17/2017,2017,90,90,Spring,,,Unaged,,
3DD.00776FF1A9,5/23/2017,2017,90,90,Spring,,,Unaged,,
3DD.00777069DC,5/24/2017,2017,90,90,Spring,17-69374,1:0,Aged,1,
3DD.007770AC5C,5/25/2017,2017,90,90,Spring,,,Unaged,,
3DD.00776F6322,5/26/2017,2017,90,90,Spring,,,Unaged,,
3DD.0077B7070F,4/12/2017,2017,91,90,Spring,,,Unaged,,
3DD.0077B6D0B5,4/17/2017,2017,91,90,Spring,,,Unaged,,
3DD.00776FD24A,4/22/2017,2017,91,90,Spring,17-69234,1:0,Aged,1,
3DD.00776EF2B7,4/24/2017,2017,91,90,Spring,,,Unaged,,
3DD.00776FB292,4/29/2017,2017,91,90,Spring,17-69245,1:0,Aged,1,
3DD.007770C87D,4/30/2017,2017,91,90,Spring,,,Unaged,,
3DD.003BC9E1A1,5/3/2017,2017,91,90,Spring,,,Unaged,,
3DD.00776FEEE7,5/6/2017,2017,91,90,Spring,,,Unaged,,
3DD.00776E8A8F,5/7/2017,2017,91,90,Spring,17-69290,1:0,Aged,1,
3DD.00776E9228,5/7/2017,2017,91,90,Spring,,,Unaged,,
3DD.00776FFFB0,5/15/2017,2017,91,90,Spring,,,Unaged,,
3DD.0077700649,5/17/2017,2017,91,90,Spring,,,Unaged,,
3DD.00776F9CA5,5/20/2017,2017,91,90,Spring,,,Unaged,,
3DD.00776FF6DB,5/20/2017,2017,91,90,Spring,,,Unaged,,
3DD.007770E119,5/22/2017,2017,91,90,Spring,,,Unaged,,
3DD.0077709CB4,5/23/2017,2017,91,90,Spring,,,Unaged,,
3DD.0077702A4A,5/25/2017,2017,91,90,Spring,,,Unaged,,
3DD.0077708A81,5/25/2017,2017,91,90,Spring,,,Unaged,,
3DD.0077708B72,5/25/2017,2017,91,90,Spring,,,Unaged,,
3DD.00776F50A9,5/28/2017,2017,91,90,Spring,,,Unaged,,
3DD.0077ADDF3C,4/13/2017,2017,92,90,Spring,,,Unaged,,
3DD.0077B6DEB9,4/17/2017,2017,92,90,Spring,,,Unaged,,
3DD.00776FB808,4/22/2017,2017,92,90,Spring,,,Unaged,,
3DD.007770489A,4/26/2017,2017,92,90,Spring,,,Unaged,,
3DD.00776E88B7,5/2/2017,2017,92,90,Spring,,,Unaged,,
3DD.00776F480F,5/2/2017,2017,92,90,Spring,,,Unaged,,
3DD.00776EA64C,5/5/2017,2017,92,90,Spring,,,Unaged,,
3DD.0077704BC3,5/5/2017,2017,92,90,Spring,,,Unaged,,
3DD.00777097F3,5/5/2017,2017,92,90,Spring,,,Unaged,,
3DD.00777068FE,5/7/2017,2017,92,90,Spring,17-69289,1:0,Aged,1,
3DD.00777047A7,5/8/2017,2017,92,90,Spring,,,Unaged,,
3DD.007770A70D,5/8/2017,2017,92,90,Spring,,,Unaged,,
3DD.00777098D2,5/9/2017,2017,92,90,Spring,,,Unaged,,
3DD.0077708E57,5/13/2017,2017,92,90,Spring,,,Unaged,,
3DD.007770CCED,5/13/2017,2017,92,90,Spring,,,Unaged,,
3DD.007770AAC9,5/22/2017,2017,92,90,Spring,,,Unaged,,
3DD.00776F29E8,5/23/2017,2017,92,90,Spring,,,Unaged,,
3DD.00776F7154,5/23/2017,2017,92,90,Spring,,,Unaged,,
3DD.007770C5CF,5/24/2017,2017,92,90,Spring,17-69375,1:0,Aged,1,
3DD.00776F9AD6,5/25/2017,2017,92,90,Spring,,,Unaged,,
3DD.00776F9478,5/26/2017,2017,92,90,Spring,17-69387,1:0,Aged,1,
3DD.00776FD6F8,5/26/2017,2017,92,90,Spring,,,Unaged,,
3DD.007770BAF6,5/27/2017,2017,92,90,Spring,,,Unaged,,
3DD.00776ED9EC,4/8/2017,2017,93,90,Spring,,,Unaged,,
3DD.007770C953,4/8/2017,2017,93,90,Spring,,,Unaged,,
3DD.0077B6F58D,4/13/2017,2017,93,90,Spring,,,Unaged,,
3DD.0077ADC54E,4/20/2017,2017,93,90,Spring,,,Unaged,,
3DD.0077B6891E,4/20/2017,2017,93,90,Spring,17-69231,1:0,Aged,1,
3DD.00776FC4AD,4/25/2017,2017,93,90,Spring,,,Unaged,,
3DD.0077707B1E,4/30/2017,2017,93,90,Spring,,,Unaged,,
3DD.00776FBC04,5/2/2017,2017,93,90,Spring,,,Unaged,,
3DD.007770D025,5/2/2017,2017,93,90,Spring,,,Unaged,,
3DD.003BC9E1CC,5/4/2017,2017,93,90,Spring,,,Unaged,,
3DD.00776F24A1,5/5/2017,2017,93,90,Spring,,,Unaged,,
3DD.00776F196B,5/6/2017,2017,93,90,Spring,,,Unaged,,
3DD.00776FD727,5/6/2017,2017,93,90,Spring,,,Unaged,,
3DD.00776FF4C6,5/6/2017,2017,93,90,Spring,,,Unaged,,
3DD.00776E8AD2,5/10/2017,2017,93,90,Spring,,,Unaged,,
3DD.00777067BB,5/13/2017,2017,93,90,Spring,,,Unaged,,
3DD.00776E98DA,5/14/2017,2017,93,90,Spring,17-69321,1:0,Aged,1,
3DD.0077707102,5/15/2017,2017,93,90,Spring,,,Unaged,,
3DD.007770F4C4,5/16/2017,2017,93,90,Spring,,,Unaged,,
3DD.00776E3B6E,5/17/2017,2017,93,90,Spring,,,Unaged,,
3DD.00776EE729,5/19/2017,2017,93,90,Spring,,,Unaged,,
3DD.0077709FEB,5/21/2017,2017,93,90,Spring,,,Unaged,,
3DD.00776EB153,5/24/2017,2017,93,90,Spring,,,Unaged,,
3DD.007770E2EA,5/24/2017,2017,93,90,Spring,,,Unaged,,
3DD.007770AC47,5/25/2017,2017,93,90,Spring,,,Unaged,,
3DD.0077704649,5/26/2017,2017,93,90,Spring,,,Unaged,,
3DD.00776E91F0,5/27/2017,2017,93,90,Spring,,,Unaged,,
3DD.00776F421D,4/8/2017,2017,94,90,Spring,,,Unaged,,
3DD.0077B68BF2,4/10/2017,2017,94,90,Spring,,,Unaged,,
3DD.0077AF2855,4/11/2017,2017,94,90,Spring,,,Unaged,,
3DD.0077B5EF61,4/13/2017,2017,94,90,Spring,,,Unaged,,
3DD.0077AE0A0D,4/14/2017,2017,94,90,Spring,,,Unaged,,
3DD.00776F5CED,4/23/2017,2017,94,90,Spring,,,Unaged,,
3DD.00777048EA,4/26/2017,2017,94,90,Spring,,,Unaged,,
3DD.003BC9E1BA,5/3/2017,2017,94,90,Spring,17-69257,1:0,Aged,1,
3DD.003BC9E199,5/4/2017,2017,94,90,Spring,,,Unaged,,
3DD.003BC9E1C3,5/4/2017,2017,94,90,Spring,,,Unaged,,
3DD.00776EEE2B,5/5/2017,2017,94,90,Spring,,,Unaged,,
3DD.00777066BC,5/5/2017,2017,94,90,Spring,,,Unaged,,
3DD.00776EF253,5/6/2017,2017,94,90,Spring,,,Unaged,,
3DD.0077703993,5/6/2017,2017,94,90,Spring,,,Unaged,,
3DD.00776FCC86,5/8/2017,2017,94,90,Spring,17-69295,1:0,Aged,1,
3DD.0077707332,5/9/2017,2017,94,90,Spring,,,Unaged,,
3DD.00776F08FA,5/12/2017,2017,94,90,Spring,,,Unaged,,
3DD.007770C0C9,5/12/2017,2017,94,90,Spring,,,Unaged,,
3DD.00776E9729,5/13/2017,2017,94,90,Spring,,,Unaged,,
3DD.007770836C,5/16/2017,2017,94,90,Spring,,,Unaged,,
3DD.00776FD870,5/21/2017,2017,94,90,Spring,,,Unaged,,
3DD.00776EC972,5/22/2017,2017,94,90,Spring,,,Unaged,,
3DD.00776FB3A2,5/22/2017,2017,94,90,Spring,17-69361,1:0,Aged,1,
3DD.007770CD0A,5/25/2017,2017,94,90,Spring,,,Unaged,,
3DD.00776F5792,5/26/2017,2017,94,90,Spring,,,Unaged,,
3DD.00776FBC52,5/26/2017,2017,94,90,Spring,,,Unaged,,
3DD.0077706547,5/27/2017,2017,94,90,Spring,17-69396,1:0,Aged,1,
3DD.00776E8EDD,4/7/2017,2017,95,90,Spring,,,Unaged,,
3DD.00776FDC33,4/7/2017,2017,95,90,Spring,17-69208,1:0,Aged,1,
3DD.00777087D4,4/7/2017,2017,95,90,Spring,,,Unaged,,
3DD.0077AF0E9F,4/17/2017,2017,95,90,Spring,,,Unaged,,
3DD.0077B67664,4/18/2017,2017,95,90,Spring,,,Unaged,,
3DD.00776EC302,4/23/2017,2017,95,90,Spring,,,Unaged,,
3DD.0077700062,4/26/2017,2017,95,90,Spring,,,Unaged,,
3DD.00776FCA9F,5/6/2017,2017,95,90,Spring,,,Unaged,,
3DD.00776FCE21,5/6/2017,2017,95,90,Spring,,,Unaged,,
3DD.00776FCEA7,5/6/2017,2017,95,90,Spring,,,Unaged,,
3DD.00777058AD,5/6/2017,2017,95,90,Spring,,,Unaged,,
3DD.0077708916,5/6/2017,2017,95,90,Spring,,,Unaged,,
3DD.00776E9DBB,5/8/2017,2017,95,90,Spring,17-69299,1:0,Aged,1,
3DD.0077707EC2,5/8/2017,2017,95,90,Spring,,,Unaged,,
3DD.007770B7A0,5/8/2017,2017,95,90,Spring,,,Unaged,,
3DD.007770F5E9,5/8/2017,2017,95,90,Spring,,,Unaged,,
3DD.00776EA9D1,5/10/2017,2017,95,90,Spring,,,Unaged,,
3DD.00776F5D6D,5/13/2017,2017,95,90,Spring,,,Unaged,,
3DD.0077709141,5/15/2017,2017,95,90,Spring,17-69325,1:0,Aged,1,
3DD.00776F2606,5/17/2017,2017,95,90,Spring,,,Unaged,,
3DD.00777070E9,5/17/2017,2017,95,90,Spring,,,Unaged,,
3DD.00776EB4B5,5/20/2017,2017,95,90,Spring,,,Unaged,,
3DD.0077704EDD,5/21/2017,2017,95,90,Spring,,,Unaged,,
3DD.007770EBE1,5/22/2017,2017,95,90,Spring,,,Unaged,,
3DD.0077704687,5/23/2017,2017,95,90,Spring,,,Unaged,,
3DD.00777069E0,5/23/2017,2017,95,90,Spring,,,Unaged,,
3DD.00776F31B0,5/24/2017,2017,95,90,Spring,17-69371,1:0,Aged,1,
3DD.00776EDF9A,5/25/2017,2017,95,90,Spring,,,Unaged,,
3DD.007770C895,5/25/2017,2017,95,90,Spring,,,Unaged,,
3DD.00776F7A9F,5/26/2017,2017,95,90,Spring,,,Unaged,,
3DD.00776EDB74,5/27/2017,2017,95,90,Spring,,,Unaged,,
3DD.00776FD506,5/27/2017,2017,95,90,Spring,,,Unaged,,
3DD.00776FF4DD,5/27/2017,2017,95,90,Spring,,,Unaged,,
3DD.007770468D,5/27/2017,2017,95,90,Spring,17-69393,1:0,Aged,1,
3DD.0077700AB4,5/28/2017,2017,95,90,Spring,,,Unaged,,
3DD.00777054DB,6/2/2017,2017,95,90,Spring,,,Unaged,,
3DD.0077703596,4/6/2017,2017,96,90,Spring,,,Unaged,,
3DD.0077AF43D3,4/17/2017,2017,96,90,Spring,17-69224,1:0,Aged,1,
3DD.0077B64344,4/19/2017,2017,96,90,Spring,,,Unaged,,
3DD.0077B6BC09,4/22/2017,2017,96,90,Spring,,,Unaged,,
3DD.003BC9E192,5/3/2017,2017,96,90,Spring,,,Unaged,,
3DD.00776E9D36,5/5/2017,2017,96,90,Spring,,,Unaged,,
3DD.0077706A94,5/5/2017,2017,96,90,Spring,,,Unaged,,
3DD.00776F421B,5/6/2017,2017,96,90,Spring,,,Unaged,,
3DD.00776FD28E,5/6/2017,2017,96,90,Spring,,,Unaged,,
3DD.007770C6CA,5/6/2017,2017,96,90,Spring,,,Unaged,,
3DD.00776EAE70,5/7/2017,2017,96,90,Spring,17-69286,1:0,Aged,1,
3DD.007770508D,5/14/2017,2017,96,90,Spring,,,Unaged,,
3DD.00776F248F,5/15/2017,2017,96,90,Spring,,,Unaged,,
3DD.007770C5B2,5/16/2017,2017,96,90,Spring,,,Unaged,,
3DD.00776F710B,5/17/2017,2017,96,90,Spring,,,Unaged,,
3DD.0077700390,5/17/2017,2017,96,90,Spring,,,Unaged,,
3DD.00776F559D,5/19/2017,2017,96,90,Spring,,,Unaged,,
3DD.0077708240,5/21/2017,2017,96,90,Spring,,,Unaged,,
3DD.00776EA599,5/22/2017,2017,96,90,Spring,17-69357,1:0,Aged,1,
3DD.0077703C08,5/24/2017,2017,96,90,Spring,,,Unaged,,
3DD.00776E8AED,5/25/2017,2017,96,90,Spring,,,Unaged,,
3DD.00776F2FF5,5/25/2017,2017,96,90,Spring,,,Unaged,,
3DD.00776FCA9D,5/25/2017,2017,96,90,Spring,,,Unaged,,
3DD.00776F4A03,4/4/2017,2017,97,90,Spring,17-69201,1:0,Aged,1,
3DD.00776F5561,4/6/2017,2017,97,90,Spring,,,Unaged,,
3DD.007770468B,4/24/2017,2017,97,90,Spring,,,Unaged,,
3DD.0077706D24,4/27/2017,2017,97,90,Spring,,,Unaged,,
3DD.007770C5F2,4/30/2017,2017,97,90,Spring,,,Unaged,,
3DD.00776EF2FF,5/2/2017,2017,97,90,Spring,,,Unaged,,
3DD.003BC9E1D4,5/3/2017,2017,97,90,Spring,,,Unaged,,
3DD.003BC9E1C4,5/4/2017,2017,97,90,Spring,,,Unaged,,
3DD.00776E9B47,5/5/2017,2017,97,90,Spring,,,Unaged,,
3DD.00776FA623,5/6/2017,2017,97,90,Spring,,,Unaged,,
3DD.007770292C,5/6/2017,2017,97,90,Spring,,,Unaged,,
3DD.007770C5AB,5/7/2017,2017,97,90,Spring,,,Unaged,,
3DD.007770DD2B,5/7/2017,2017,97,90,Spring,,,Unaged,,
3DD.007770661D,5/13/2017,2017,97,90,Spring,,,Unaged,,
3DD.00776ECCF6,5/15/2017,2017,97,90,Spring,,,Unaged,,
3DD.00776F13A2,5/16/2017,2017,97,90,Spring,17-69330,1:0,Aged,1,
3DD.007770E05F,5/16/2017,2017,97,90,Spring,,,Unaged,,
3DD.0077703C4F,5/17/2017,2017,97,90,Spring,,,Unaged,,
3DD.00776EF698,5/20/2017,2017,97,90,Spring,,,Unaged,,
3DD.00776FE735,5/23/2017,2017,97,90,Spring,,,Unaged,,
3DD.0077706617,5/24/2017,2017,97,90,Spring,,,Unaged,,
3DD.00776F1106,5/25/2017,2017,97,90,Spring,,,Unaged,,
3DD.00776FB622,5/25/2017,2017,97,90,Spring,,,Unaged,,
3DD.00777062C4,5/25/2017,2017,97,90,Spring,,,Unaged,,
3DD.00776EBE4C,5/26/2017,2017,97,90,Spring,,,Unaged,,
3DD.007770A458,5/27/2017,2017,97,90,Spring,,,Unaged,,
3DD.007770CDCD,5/27/2017,2017,97,90,Spring,,,Unaged,,
3DD.0077ADC52E,4/14/2017,2017,98,90,Spring,,,Unaged,,
3DD.0077AF43C7,4/16/2017,2017,98,90,Spring,,,Unaged,,
3DD.0077BC7BF4,4/22/2017,2017,98,90,Spring,,,Unaged,,
3DD.0077705AD3,4/24/2017,2017,98,90,Spring,,,Unaged,,
3DD.007770D717,4/26/2017,2017,98,90,Spring,,,Unaged,,
3DD.00776F9EF8,5/2/2017,2017,98,90,Spring,17-69253,1:0,Aged,1,
3DD.007770490F,5/2/2017,2017,98,90,Spring,17-69254,1:0,Aged,1,
3DD.003BC9E1C0,5/4/2017,2017,98,90,Spring,,,Unaged,,
3DD.00776ED727,5/6/2017,2017,98,90,Spring,17-69280,1:0,Aged,1,
3DD.00776FDC47,5/6/2017,2017,98,90,Spring,,,Unaged,,
3DD.00777047D2,5/6/2017,2017,98,90,Spring,,,Unaged,,
3DD.0077705C23,5/6/2017,2017,98,90,Spring,,,Unaged,,
3DD.00777081F4,5/6/2017,2017,98,90,Spring,,,Unaged,,
3DD.00776EA3FF,5/7/2017,2017,98,90,Spring,,,Unaged,,
3DD.0077704C40,5/7/2017,2017,98,90,Spring,,,Unaged,,
3DD.00776ED270,5/8/2017,2017,98,90,Spring,,,Unaged,,
3DD.007770131D,5/8/2017,2017,98,90,Spring,,,Unaged,,
3DD.00776F051C,5/10/2017,2017,98,90,Spring,,,Unaged,,
3DD.0077707DC4,5/10/2017,2017,98,90,Spring,,,Unaged,,
3DD.007770134D,5/13/2017,2017,98,90,Spring,17-69314,1:0,Aged,1,
3DD.007770D654,5/17/2017,2017,98,90,Spring,,,Unaged,,
3DD.00776F49F9,5/21/2017,2017,98,90,Spring,,,Unaged,,
3DD.0077705AD0,5/21/2017,2017,98,90,Spring,,,Unaged,,
3DD.00776F001F,5/23/2017,2017,98,90,Spring,,,Unaged,,
3DD.00776F01B5,5/25/2017,2017,98,90,Spring,,,Unaged,,
3DD.0077706727,5/25/2017,2017,98,90,Spring,,,Unaged,,
3DD.007770703E,5/25/2017,2017,98,90,Spring,,,Unaged,,
3DD.007770D655,5/25/2017,2017,98,90,Spring,,,Unaged,,
3DD.007770E8E9,5/25/2017,2017,98,90,Spring,,,Unaged,,
3DD.00776EDE44,5/26/2017,2017,98,90,Spring,17-69392,1:0,Aged,1,
3DD.00776F0AB1,5/26/2017,2017,98,90,Spring,,,Unaged,,
3DD.0077709CBA,5/31/2017,2017,98,90,Spring,,,Unaged,,
3DD.00777054F1,6/2/2017,2017,98,90,Spring,,,Unaged,,
3DD.0077AE16B3,4/18/2017,2017,99,90,Spring,,,Unaged,,
3DD.003BC9E18A,5/3/2017,2017,99,90,Spring,,,Unaged,,
3DD.003BC9E194,5/3/2017,2017,99,90,Spring,,,Unaged,,
3DD.003BC9E1B0,5/4/2017,2017,99,90,Spring,,,Unaged,,
3DD.00776F114C,5/5/2017,2017,99,90,Spring,,,Unaged,,
3DD.0077704E95,5/6/2017,2017,99,90,Spring,,,Unaged,,
3DD.0077706471,5/6/2017,2017,99,90,Spring,,,Unaged,,
3DD.0077708AF5,5/6/2017,2017,99,90,Spring,,,Unaged,,
3DD.00776F66BE,5/7/2017,2017,99,90,Spring,,,Unaged,,
3DD.00776FD124,5/7/2017,2017,99,90,Spring,,,Unaged,,
3DD.007770F439,5/7/2017,2017,99,90,Spring,,,Unaged,,
3DD.0077707504,5/8/2017,2017,99,90,Spring,,,Unaged,,
3DD.0077709835,5/16/2017,2017,99,90,Spring,,,Unaged,,
3DD.007770D5A1,5/17/2017,2017,99,90,Spring,,,Unaged,,
3DD.007770E396,5/18/2017,2017,99,90,Spring,,,Unaged,,
3DD.00776F7360,5/21/2017,2017,99,90,Spring,,,Unaged,,
3DD.0077709632,5/21/2017,2017,99,90,Spring,17-69355,1:0,Aged,1,
3DD.00776F276A,5/24/2017,2017,99,90,Spring,,,Unaged,,
3DD.00776EDB44,5/25/2017,2017,99,90,Spring,,,Unaged,,
3DD.00776F6BE9,5/25/2017,2017,99,90,Spring,,,Unaged,,
3DD.00777091E6,5/25/2017,2017,99,90,Spring,17-69380,1:0,Aged,1,
3DD.0077709913,5/31/2017,2017,99,90,Spring,,,Unaged,,
3DD.0077708E43,4/9/2017,2017,100,100,Spring,,,Unaged,,
3DD.0077B706DB,4/17/2017,2017,100,100,Spring,,,Unaged,,
3DD.0077ADE74B,4/18/2017,2017,100,100,Spring,,,Unaged,,
3DD.0077AF2B2F,4/22/2017,2017,100,100,Spring,,,Unaged,,
3DD.00776F01A2,4/23/2017,2017,100,100,Spring,,,Unaged,,
3DD.00776FBA8A,4/23/2017,2017,100,100,Spring,17-69235,1:0,Aged,1,
3DD.00777043AD,4/26/2017,2017,100,100,Spring,17-69242,1:0,Aged,1,
3DD.00776ECE0A,5/2/2017,2017,100,100,Spring,,,Unaged,,
3DD.00776F0761,5/5/2017,2017,100,100,Spring,,,Unaged,,
3DD.00777098C8,5/5/2017,2017,100,100,Spring,17-69274,1:0,Aged,1,
3DD.007770A449,5/6/2017,2017,100,100,Spring,,,Unaged,,
3DD.00776EF6ED,5/8/2017,2017,100,100,Spring,,,Unaged,,
3DD.0077703A23,5/8/2017,2017,100,100,Spring,,,Unaged,,
3DD.007770B781,5/8/2017,2017,100,100,Spring,,,Unaged,,
3DD.007770FBCA,5/8/2017,2017,100,100,Spring,17-69298,1:0,Aged,1,
3DD.007770BA3E,5/9/2017,2017,100,100,Spring,,,Unaged,,
3DD.00776FD624,5/13/2017,2017,100,100,Spring,,,Unaged,,
3DD.0077703716,5/13/2017,2017,100,100,Spring,,,Unaged,,
3DD.00776FD5D0,5/14/2017,2017,100,100,Spring,,,Unaged,,
3DD.00776FB616,5/15/2017,2017,100,100,Spring,17-69323,1:0,Aged,1,
3DD.0077707B7C,5/15/2017,2017,100,100,Spring,,,Unaged,,
3DD.00776E9506,5/22/2017,2017,100,100,Spring,,,Unaged,,
3DD.007770B0BB,5/22/2017,2017,100,100,Spring,,,Unaged,,
3DD.00777053AC,5/24/2017,2017,100,100,Spring,,,Unaged,,
3DD.007770534C,5/25/2017,2017,100,100,Spring,,,Unaged,,
3DD.007770635A,5/25/2017,2017,100,100,Spring,,,Unaged,,
3DD.00776F2BE0,5/27/2017,2017,100,100,Spring,,,Unaged,,
3DD.007770A3D0,5/27/2017,2017,100,100,Spring,,,Unaged,,
3DD.007770BFAE,5/27/2017,2017,100,100,Spring,,,Unaged,,
3DD.0077B6F610,4/22/2017,2017,101,100,Spring,,,Unaged,,
3DD.0077707D81,4/24/2017,2017,101,100,Spring,17-69239,1:0,Aged,1,
3DD.00776EF3BA,4/30/2017,2017,101,100,Spring,,,Unaged,,
3DD.003BC9E180,5/4/2017,2017,101,100,Spring,,,Unaged,,
3DD.003BC9E1BB,5/4/2017,2017,101,100,Spring,17-69260,1:0,Aged,1,
3DD.00776E94AF,5/5/2017,2017,101,100,Spring,,,Unaged,,
3DD.00776EBF3F,5/5/2017,2017,101,100,Spring,,,Unaged,,
3DD.00776FDC37,5/5/2017,2017,101,100,Spring,,,Unaged,,
3DD.00776F3788,5/6/2017,2017,101,100,Spring,,,Unaged,,
3DD.00776FE2FD,5/6/2017,2017,101,100,Spring,17-69279,1:0,Aged,1,
3DD.0077701EED,5/6/2017,2017,101,100,Spring,,,Unaged,,
3DD.0077702902,5/6/2017,2017,101,100,Spring,,,Unaged,,
3DD.00776F5F7F,5/8/2017,2017,101,100,Spring,,,Unaged,,
3DD.00776FD112,5/11/2017,2017,101,100,Spring,,,Unaged,,
3DD.007770D074,5/13/2017,2017,101,100,Spring,,,Unaged,,
3DD.00776F8100,5/15/2017,2017,101,100,Spring,,,Unaged,,
3DD.00776EEA55,5/17/2017,2017,101,100,Spring,17-69332,1:0,Aged,1,
3DD.0077704E8A,5/21/2017,2017,101,100,Spring,,,Unaged,,
3DD.00776F3773,5/23/2017,2017,101,100,Spring,,,Unaged,,
3DD.00776F4EB1,5/23/2017,2017,101,100,Spring,,,Unaged,,
3DD.00776FFD03,5/23/2017,2017,101,100,Spring,,,Unaged,,
3DD.00776EB575,5/26/2017,2017,101,100,Spring,,,Unaged,,
3DD.00776F3D0B,5/26/2017,2017,101,100,Spring,,,Unaged,,
3DD.00776F2727,5/5/2017,2017,102,100,Spring,,,Unaged,,
3DD.00776F3EBA,5/5/2017,2017,102,100,Spring,17-69270,1:0,Aged,1,
3DD.0077704129,5/5/2017,2017,102,100,Spring,,,Unaged,,
3DD.00776E9780,5/6/2017,2017,102,100,Spring,,,Unaged,,
3DD.0077706D3B,5/6/2017,2017,102,100,Spring,,,Unaged,,
3DD.00776FDA5C,5/7/2017,2017,102,100,Spring,,,Unaged,,
3DD.00776E9C5D,5/9/2017,2017,102,100,Spring,,,Unaged,,
3DD.007770ACEE,5/9/2017,2017,102,100,Spring,,,Unaged,,
3DD.00776FB7B9,5/10/2017,2017,102,100,Spring,17-69306,1:0,Aged,1,
3DD.0077706E17,5/11/2017,2017,102,100,Spring,,,Unaged,,
3DD.00776E834F,5/13/2017,2017,102,100,Spring,,,Unaged,,
3DD.00776EA1D5,5/13/2017,2017,102,100,Spring,,,Unaged,,
3DD.00777045D7,5/13/2017,2017,102,100,Spring,,,Unaged,,
3DD.0077704692,5/13/2017,2017,102,100,Spring,,,Unaged,,
3DD.00777091C5,5/13/2017,2017,102,100,Spring,,,Unaged,,
3DD.00776ED94D,5/14/2017,2017,102,100,Spring,,,Unaged,,
3DD.00776FAA50,5/14/2017,2017,102,100,Spring,,,Unaged,,
3DD.00776F3869,5/15/2017,2017,102,100,Spring,,,Unaged,,
3DD.0077705CE2,5/16/2017,2017,102,100,Spring,,,Unaged,,
3DD.00776EC594,5/17/2017,2017,102,100,Spring,,,Unaged,,
3DD.00776F169F,5/17/2017,2017,102,100,Spring,17-69331,1:0,Aged,1,
3DD.00776F2650,5/17/2017,2017,102,100,Spring,,,Unaged,,
3DD.00776FA3F5,5/17/2017,2017,102,100,Spring,,,Unaged,,
3DD.00776F13AC,5/18/2017,2017,102,100,Spring,,,Unaged,,
3DD.0077707271,5/23/2017,2017,102,100,Spring,,,Unaged,,
3DD.00776E8315,5/26/2017,2017,102,100,Spring,,,Unaged,,
3DD.00776ED23B,5/26/2017,2017,102,100,Spring,,,Unaged,,
3DD.007770909A,5/26/2017,2017,102,100,Spring,,,Unaged,,
3DD.007770F406,5/26/2017,2017,102,100,Spring,,,Unaged,,
3DD.00777077B4,5/27/2017,2017,102,100,Spring,,,Unaged,,
3DD.00776F6AE1,6/1/2017,2017,102,100,Spring,,,Unaged,,
3DD.00777088B5,3/27/2017,2017,103,100,Spring,,,Unaged,,
3DD.007770F85D,4/5/2017,2017,103,100,Spring,17-69202,2:0,Aged,2,
3DD.00776FE290,4/7/2017,2017,103,100,Spring,,,Unaged,,
3DD.00776F889F,4/8/2017,2017,103,100,Spring,,,Unaged,,
3DD.0077B6BC97,4/22/2017,2017,103,100,Spring,,,Unaged,,
3DD.007770101A,5/2/2017,2017,103,100,Spring,,,Unaged,,
3DD.003BC9E181,5/4/2017,2017,103,100,Spring,,,Unaged,,
3DD.00776FA885,5/6/2017,2017,103,100,Spring,,,Unaged,,
3DD.007770486B,5/6/2017,2017,103,100,Spring,,,Unaged,,
3DD.00776ECD1A,5/7/2017,2017,103,100,Spring,17-69291,1:0,Aged,1,
3DD.00776F070B,5/7/2017,2017,103,100,Spring,,,Unaged,,
3DD.0077702132,5/8/2017,2017,103,100,Spring,17-69294,1:0,Aged,1,
3DD.007770EBD9,5/13/2017,2017,103,100,Spring,,,Unaged,,
3DD.00776FE22D,5/17/2017,2017,103,100,Spring,,,Unaged,,
3DD.00776EB440,5/22/2017,2017,103,100,Spring,,,Unaged,,
3DD.00776FE257,5/22/2017,2017,103,100,Spring,,,Unaged,,
3DD.00776FF57D,5/22/2017,2017,103,100,Spring,17-69356,1:0,Aged,1,
3DD.00776F9F13,5/25/2017,2017,103,100,Spring,,,Unaged,,
3DD.007770109E,5/25/2017,2017,103,100,Spring,17-69381,1:0,Aged,1,
3DD.00777069DF,5/25/2017,2017,103,100,Spring,,,Unaged,,
3DD.00776F0C8B,5/26/2017,2017,103,100,Spring,,,Unaged,,
3DD.00777098BB,5/29/2017,2017,103,100,Spring,,,Unaged,,
3DD.00776F5BE8,6/2/2017,2017,103,100,Spring,,,Unaged,,
3DD.0077B70702,4/10/2017,2017,104,100,Spring,,,Unaged,,
3DD.0077AEF982,4/12/2017,2017,104,100,Spring,,,Unaged,,
3DD.003BC9E1A8,5/3/2017,2017,104,100,Spring,,,Unaged,,
3DD.00776E9C8D,5/6/2017,2017,104,100,Spring,,,Unaged,,
3DD.00776F4CE7,5/6/2017,2017,104,100,Spring,,,Unaged,,
3DD.00777058AE,5/6/2017,2017,104,100,Spring,,,Unaged,,
3DD.00776F9ECD,5/8/2017,2017,104,100,Spring,,,Unaged,,
3DD.0077702933,5/8/2017,2017,104,100,Spring,,,Unaged,,
3DD.00776F57B3,5/9/2017,2017,104,100,Spring,17-69302,1:0,Aged,1,
3DD.0077704041,5/12/2017,2017,104,100,Spring,17-69310,1:0,Aged,1,
3DD.00776EA455,5/13/2017,2017,104,100,Spring,17-69318,1:0,Aged,1,
3DD.007770B093,5/13/2017,2017,104,100,Spring,,,Unaged,,
3DD.0077705BFD,5/14/2017,2017,104,100,Spring,,,Unaged,,
3DD.00776EF594,5/17/2017,2017,104,100,Spring,,,Unaged,,
3DD.00776F142D,5/17/2017,2017,104,100,Spring,17-69334,1:0,Aged,1,
3DD.00776F3BBB,5/17/2017,2017,104,100,Spring,,,Unaged,,
3DD.0077708B4F,5/23/2017,2017,104,100,Spring,,,Unaged,,
3DD.00776FDD7A,5/24/2017,2017,104,100,Spring,17-69370,1:0,Aged,1,
3DD.00776F669E,5/26/2017,2017,104,100,Spring,17-69390,1:0,Aged,1,
3DD.00776F9AD2,5/26/2017,2017,104,100,Spring,,,Unaged,,
3DD.007770508B,5/26/2017,2017,104,100,Spring,,,Unaged,,
3DD.00776F7F42,5/2/2017,2017,105,100,Spring,,,Unaged,,
3DD.003BC9E1C2,5/3/2017,2017,105,100,Spring,,,Unaged,,
3DD.003BC9E1D3,5/4/2017,2017,105,100,Spring,,,Unaged,,
3DD.00776E8BC5,5/5/2017,2017,105,100,Spring,17-69272,1:0,Aged,1,
3DD.00776ECFE6,5/5/2017,2017,105,100,Spring,,,Unaged,,
3DD.007770D070,5/5/2017,2017,105,100,Spring,,,Unaged,,
3DD.00776F8174,5/6/2017,2017,105,100,Spring,,,Unaged,,
3DD.0077703440,5/6/2017,2017,105,100,Spring,,,Unaged,,
3DD.00776E86B9,5/7/2017,2017,105,100,Spring,,,Unaged,,
3DD.00776F0F6A,5/7/2017,2017,105,100,Spring,,,Unaged,,
3DD.0077703598,5/8/2017,2017,105,100,Spring,,,Unaged,,
3DD.00776ECCA0,5/13/2017,2017,105,100,Spring,,,Unaged,,
3DD.00776ECE2F,5/13/2017,2017,105,100,Spring,,,Unaged,,
3DD.00776FD86E,5/13/2017,2017,105,100,Spring,,,Unaged,,
3DD.0077705B5D,5/13/2017,2017,105,100,Spring,,,Unaged,,
3DD.00776F1758,5/14/2017,2017,105,100,Spring,,,Unaged,,
3DD.00777053A5,5/14/2017,2017,105,100,Spring,,,Unaged,,
3DD.00776FDB00,5/15/2017,2017,105,100,Spring,,,Unaged,,
3DD.00776F2D69,5/17/2017,2017,105,100,Spring,,,Unaged,,
3DD.0077707354,5/17/2017,2017,105,100,Spring,,,Unaged,,
3DD.00776F1A97,5/20/2017,2017,105,100,Spring,,,Unaged,,
3DD.007770396E,5/22/2017,2017,105,100,Spring,,,Unaged,,
3DD.00776F0867,5/23/2017,2017,105,100,Spring,17-69367,1:0,Aged,1,
3DD.007770466B,5/23/2017,2017,105,100,Spring,,,Unaged,,
3DD.007770AA07,5/24/2017,2017,105,100,Spring,,,Unaged,,
3DD.00776EB670,5/25/2017,2017,105,100,Spring,17-69382,1:0,Aged,1,
3DD.00777017EC,5/25/2017,2017,105,100,Spring,17-69383,1:0,Aged,1,
3DD.00776FB5DC,5/28/2017,2017,105,100,Spring,17-69400,1:0,Aged,1,
3DD.00776F1649,5/1/2017,2017,106,100,Spring,,,Unaged,,
3DD.0077701082,5/2/2017,2017,106,100,Spring,17-69251,1:0,Aged,1,
3DD.003BC9E193,5/4/2017,2017,106,100,Spring,,,Unaged,,
3DD.003BC9E195,5/4/2017,2017,106,100,Spring,,,Unaged,,
3DD.003BC9E1A2,5/4/2017,2017,106,100,Spring,,,Unaged,,
3DD.003BC9E1C8,5/4/2017,2017,106,100,Spring,,,Unaged,,
3DD.00776F4BB6,5/5/2017,2017,106,100,Spring,17-69267,1:0,Aged,1,
3DD.007770893C,5/6/2017,2017,106,100,Spring,17-69284,1:0,Aged,1,
3DD.007770732F,5/8/2017,2017,106,100,Spring,,,Unaged,,
3DD.00776F291B,5/13/2017,2017,106,100,Spring,17-69316,1:0,Aged,1,
3DD.007770A5F8,5/13/2017,2017,106,100,Spring,,,Unaged,,
3DD.007770D650,5/13/2017,2017,106,100,Spring,,,Unaged,,
3DD.00776FE72F,5/17/2017,2017,106,100,Spring,,,Unaged,,
3DD.007770069B,5/18/2017,2017,106,100,Spring,,,Unaged,,
3DD.007770A669,5/19/2017,2017,106,100,Spring,,,Unaged,,
3DD.007770218E,5/23/2017,2017,106,100,Spring,,,Unaged,,
3DD.0077707C06,5/23/2017,2017,106,100,Spring,,,Unaged,,
3DD.007770CFBE,5/23/2017,2017,106,100,Spring,,,Unaged,,
3DD.007770CCFD,5/24/2017,2017,106,100,Spring,17-69372,1:0,Aged,1,
3DD.007770398E,5/27/2017,2017,106,100,Spring,,,Unaged,,
3DD.007770E069,5/27/2017,2017,106,100,Spring,,,Unaged,,
3DD.00777051D1,5/28/2017,2017,106,100,Spring,17-69399,1:0,Aged,1,
3DD.00776EE61D,4/6/2017,2017,107,100,Spring,17-69203,2:0,Aged,2,
3DD.0077708A7C,4/30/2017,2017,107,100,Spring,,,Unaged,,
3DD.007770C0A5,5/5/2017,2017,107,100,Spring,,,Unaged,,
3DD.00776E85B6,5/6/2017,2017,107,100,Spring,,,Unaged,,
3DD.00776EB75B,5/6/2017,2017,107,100,Spring,,,Unaged,,
3DD.00776EA15D,5/7/2017,2017,107,100,Spring,,,Unaged,,
3DD.0077703D06,5/7/2017,2017,107,100,Spring,,,Unaged,,
3DD.00776F2AB7,5/9/2017,2017,107,100,Spring,,,Unaged,,
3DD.0077709D91,5/15/2017,2017,107,100,Spring,17-69324,1:0,Aged,1,
3DD.007770DAFC,5/15/2017,2017,107,100,Spring,,,Unaged,,
3DD.00776FA598,5/16/2017,2017,107,100,Spring,,,Unaged,,
3DD.0077707C05,5/17/2017,2017,107,100,Spring,,,Unaged,,
3DD.007770F189,5/18/2017,2017,107,100,Spring,17-69341,1:0,Aged,1,
3DD.007770D370,5/20/2017,2017,107,100,Spring,,,Unaged,,
3DD.00776F01AF,5/23/2017,2017,107,100,Spring,,,Unaged,,
3DD.00776FA09B,5/23/2017,2017,107,100,Spring,17-69364,1:0,Aged,1,
3DD.0077705045,5/23/2017,2017,107,100,Spring,,,Unaged,,
3DD.00776FB611,5/25/2017,2017,107,100,Spring,,,Unaged,,
3DD.0077704CBE,4/6/2017,2017,108,100,Spring,,,Unaged,,
3DD.0077701D86,4/7/2017,2017,108,100,Spring,,,Unaged,,
3DD.00776F68EF,4/25/2017,2017,108,100,Spring,17-69240,1:0,Aged,1,
3DD.00776FC490,5/2/2017,2017,108,100,Spring,,,Unaged,,
3DD.003BC9E189,5/3/2017,2017,108,100,Spring,,,Unaged,,
3DD.003BC9E1DD,5/4/2017,2017,108,100,Spring,,,Unaged,,
3DD.00776EA77E,5/6/2017,2017,108,100,Spring,,,Unaged,,
3DD.00776EBC41,5/6/2017,2017,108,100,Spring,,,Unaged,,
3DD.00776EA61A,5/7/2017,2017,108,100,Spring,,,Unaged,,
3DD.00776F8FB2,5/8/2017,2017,108,100,Spring,,,Unaged,,
3DD.0077708F7C,5/8/2017,2017,108,100,Spring,,,Unaged,,
3DD.0077708F4B,5/9/2017,2017,108,100,Spring,17-69301,1:0,Aged,1,
3DD.00776F43EA,5/13/2017,2017,108,100,Spring,,,Unaged,,
3DD.007770F108,5/13/2017,2017,108,100,Spring,,,Unaged,,
3DD.0077701304,5/17/2017,2017,108,100,Spring,,,Unaged,,
3DD.007770AD04,5/17/2017,2017,108,100,Spring,,,Unaged,,
3DD.0077708B1F,5/18/2017,2017,108,100,Spring,,,Unaged,,
3DD.00776F054C,5/24/2017,2017,108,100,Spring,,,Unaged,,
3DD.00776ED268,5/25/2017,2017,108,100,Spring,,,Unaged,,
3DD.00776F3B5F,5/27/2017,2017,108,100,Spring,,,Unaged,,
3DD.00776FA8AD,5/1/2017,2017,109,100,Spring,,,Unaged,,
3DD.007770DA9E,5/6/2017,2017,109,100,Spring,,,Unaged,,
3DD.00776FC6E7,5/7/2017,2017,109,100,Spring,17-69293,1:0,Aged,1,
3DD.00776FE31F,5/7/2017,2017,109,100,Spring,,,Unaged,,
3DD.0077707CB7,5/14/2017,2017,109,100,Spring,,,Unaged,,
3DD.00776F91D3,5/15/2017,2017,109,100,Spring,,,Unaged,,
3DD.00776F4450,5/17/2017,2017,109,100,Spring,,,Unaged,,
3DD.007770F6BA,5/17/2017,2017,109,100,Spring,,,Unaged,,
3DD.007770BF03,5/20/2017,2017,109,100,Spring,,,Unaged,,
3DD.00776F76EA,5/22/2017,2017,109,100,Spring,,,Unaged,,
3DD.007770004C,5/22/2017,2017,109,100,Spring,,,Unaged,,
3DD.0077701348,5/23/2017,2017,109,100,Spring,,,Unaged,,
3DD.00776EBC60,5/25/2017,2017,109,100,Spring,,,Unaged,,
3DD.00776FBAC2,5/25/2017,2017,109,100,Spring,,,Unaged,,
3DD.00776FCF9C,5/25/2017,2017,109,100,Spring,,,Unaged,,
3DD.00777003AA,5/25/2017,2017,109,100,Spring,,,Unaged,,
3DD.007770BA43,5/25/2017,2017,109,100,Spring,17-69377,1:0,Aged,1,
3DD.00776E9D34,5/27/2017,2017,109,100,Spring,,,Unaged,,
3DD.00777072D5,6/2/2017,2017,109,100,Spring,,,Unaged,,
3DD.0077B68B46,4/18/2017,2017,110,110,Spring,17-69226,1:0,Aged,1,
3DD.007770F535,4/24/2017,2017,110,110,Spring,,,Unaged,,
3DD.00776FE71D,5/1/2017,2017,110,110,Spring,17-69249,1:0,Aged,1,
3DD.003BC9E1B7,5/3/2017,2017,110,110,Spring,,,Unaged,,
3DD.007770D432,5/6/2017,2017,110,110,Spring,,,Unaged,,
3DD.00776FB4FB,5/8/2017,2017,110,110,Spring,17-69300,1:0,Aged,1,
3DD.007770B78B,5/9/2017,2017,110,110,Spring,17-69303,1:0,Aged,1,
3DD.00776E9233,5/13/2017,2017,110,110,Spring,17-69319,1:0,Aged,1,
3DD.00776F8314,5/13/2017,2017,110,110,Spring,,,Unaged,,
3DD.00777077A9,5/14/2017,2017,110,110,Spring,17-69320,1:0,Aged,1,
3DD.00776E98B7,5/18/2017,2017,110,110,Spring,17-69342,1:0,Aged,1,
3DD.00776FF577,5/22/2017,2017,110,110,Spring,,,Unaged,,
3DD.007770270B,5/22/2017,2017,110,110,Spring,17-69358,1:0,Aged,1,
3DD.00776FEA2F,5/23/2017,2017,110,110,Spring,17-69368,1:0,Aged,1,
3DD.00776F5A75,5/24/2017,2017,110,110,Spring,17-69373,1:0,Aged,1,
3DD.00776EE13F,5/25/2017,2017,110,110,Spring,,,Unaged,,
3DD.00776EB268,5/26/2017,2017,110,110,Spring,,,Unaged,,
3DD.0077703D4C,5/27/2017,2017,110,110,Spring,,,Unaged,,
3DD.003BC9E1D0,5/4/2017,2017,111,110,Spring,,,Unaged,,
3DD.00776FDB2A,5/6/2017,2017,111,110,Spring,,,Unaged,,
3DD.0077709C98,5/13/2017,2017,111,110,Spring,,,Unaged,,
3DD.007770F097,5/13/2017,2017,111,110,Spring,,,Unaged,,
3DD.00776ED21C,5/14/2017,2017,111,110,Spring,,,Unaged,,
3DD.00776F4DD0,5/14/2017,2017,111,110,Spring,,,Unaged,,
3DD.0077705330,5/17/2017,2017,111,110,Spring,,,Unaged,,
3DD.00776EFBF4,5/19/2017,2017,111,110,Spring,17-69344,1:0,Aged,1,
3DD.00776FF4F1,5/22/2017,2017,111,110,Spring,,,Unaged,,
3DD.00776FBC28,5/23/2017,2017,111,110,Spring,,,Unaged,,
3DD.00776FEAA0,5/23/2017,2017,111,110,Spring,17-69365,1:0,Aged,1,
3DD.0077707236,5/23/2017,2017,111,110,Spring,,,Unaged,,
3DD.007770F4CD,5/23/2017,2017,111,110,Spring,,,Unaged,,
3DD.0077709D07,5/24/2017,2017,111,110,Spring,,,Unaged,,
3DD.00776FE484,5/25/2017,2017,111,110,Spring,17-69384,1:0,Aged,1,
3DD.00776EF5BA,5/26/2017,2017,111,110,Spring,,,Unaged,,
3DD.0077701ACF,5/29/2017,2017,111,110,Spring,17-78000,1:0,Aged,1,
3DD.00776F99CF,4/25/2017,2017,112,110,Spring,,,Unaged,,
3DD.00776FA34C,5/5/2017,2017,112,110,Spring,,,Unaged,,
3DD.00776FB2C7,5/5/2017,2017,112,110,Spring,,,Unaged,,
3DD.00776EE766,5/6/2017,2017,112,110,Spring,17-69283,1:0,Aged,1,
3DD.007770438D,5/6/2017,2017,112,110,Spring,,,Unaged,,
3DD.0077704F39,5/6/2017,2017,112,110,Spring,,,Unaged,,
3DD.00776FE358,5/13/2017,2017,112,110,Spring,,,Unaged,,
3DD.007770299A,5/13/2017,2017,112,110,Spring,,,Unaged,,
3DD.00776E9A7A,5/16/2017,2017,112,110,Spring,,,Unaged,,
3DD.007770E821,5/16/2017,2017,112,110,Spring,,,Unaged,,
3DD.00776EA5A2,5/17/2017,2017,112,110,Spring,17-69340,1:0,Aged,1,
3DD.00776FFF9D,5/17/2017,2017,112,110,Spring,,,Unaged,,
3DD.007770892E,5/17/2017,2017,112,110,Spring,,,Unaged,,
3DD.007770AC2E,5/18/2017,2017,112,110,Spring,,,Unaged,,
3DD.007770EBE5,5/19/2017,2017,112,110,Spring,,,Unaged,,
3DD.00776EF2AC,5/20/2017,2017,112,110,Spring,17-69349,1:0,Aged,1,
3DD.007770E2DC,5/20/2017,2017,112,110,Spring,,,Unaged,,
3DD.00776EB116,5/25/2017,2017,112,110,Spring,,,Unaged,,
3DD.00776EDFCF,5/27/2017,2017,112,110,Spring,17-69394,1:0,Aged,1,
3DD.00776FF1E9,5/30/2017,2017,112,110,Spring,17-78002,1:0,Aged,1,
3DD.00776EB585,4/24/2017,2017,113,110,Spring,,,Unaged,,
3DD.00776EF173,5/6/2017,2017,113,110,Spring,17-69277,1:0,Aged,1,
3DD.00777013C2,5/6/2017,2017,113,110,Spring,,,Unaged,,
3DD.00777036B0,5/12/2017,2017,113,110,Spring,,,Unaged,,
3DD.0077705892,5/13/2017,2017,113,110,Spring,,,Unaged,,
3DD.007770E2AE,5/14/2017,2017,113,110,Spring,,,Unaged,,
3DD.00776EC2F3,5/18/2017,2017,113,110,Spring,,,Unaged,,
3DD.00776F8DBF,5/20/2017,2017,113,110,Spring,,,Unaged,,
3DD.007770A498,5/20/2017,2017,113,110,Spring,,,Unaged,,
3DD.0077708E50,5/21/2017,2017,113,110,Spring,,,Unaged,,
3DD.00776F2AFB,5/23/2017,2017,113,110,Spring,16-69267,1:0,Aged,1,
3DD.00776F4234,5/23/2017,2017,113,110,Spring,,,Unaged,,
3DD.00776FD8E1,5/26/2017,2017,113,110,Spring,17-69388,1:0,Aged,1,
3DD.00776EDE4F,4/26/2017,2017,114,110,Spring,,,Unaged,,
3DD.00776E9D63,5/1/2017,2017,114,110,Spring,17-69250,1:0,Aged,1,
3DD.00776EAE25,5/1/2017,2017,114,110,Spring,,,Unaged,,
3DD.003BC9E1AD,5/3/2017,2017,114,110,Spring,,,Unaged,,
3DD.003BC9E1D1,5/4/2017,2017,114,110,Spring,,,Unaged,,
3DD.00776EBCDB,5/5/2017,2017,114,110,Spring,17-69266,1:0,Aged,1,
3DD.00776EE55E,5/5/2017,2017,114,110,Spring,,,Unaged,,
3DD.00776E9932,5/7/2017,2017,114,110,Spring,,,Unaged,,
3DD.0077700615,5/10/2017,2017,114,110,Spring,,,Unaged,,
3DD.00776EB4D1,5/15/2017,2017,114,110,Spring,17-69326,1:0,Aged,1,
3DD.007770BAF7,5/17/2017,2017,114,110,Spring,17-69339,1:0,Aged,1,
3DD.00776E2E20,5/18/2017,2017,114,110,Spring,,,Unaged,,
3DD.0077706AB8,5/20/2017,2017,114,110,Spring,17-69348,1:0,Aged,1,
3DD.007770B144,5/27/2017,2017,114,110,Spring,17-69395,1:0,Aged,1,
3DD.007770F785,5/28/2017,2017,114,110,Spring,,,Unaged,,
3DD.0077708409,5/30/2017,2017,114,110,Spring,,,Unaged,,
3DD.0077B7075D,4/10/2017,2017,115,110,Spring,,,Unaged,,
3DD.00776F5EBC,5/5/2017,2017,115,110,Spring,,,Unaged,,
3DD.00776EBCA0,5/17/2017,2017,115,110,Spring,17-69337,1:0,Aged,1,
3DD.007770FA44,5/17/2017,2017,115,110,Spring,,,Unaged,,
3DD.0077700355,5/19/2017,2017,115,110,Spring,,,Unaged,,
3DD.007770F344,5/20/2017,2017,115,110,Spring,,,Unaged,,
3DD.00776ECF8B,5/22/2017,2017,115,110,Spring,,,Unaged,,
3DD.00776F84FF,5/22/2017,2017,115,110,Spring,17-69360,1:0,Aged,1,
3DD.00776FFFB6,5/22/2017,2017,115,110,Spring,,,Unaged,,
3DD.00776F245A,5/23/2017,2017,115,110,Spring,17-69362,1:0,Aged,1,
3DD.007770E74A,5/25/2017,2017,115,110,Spring,17-69385,1:0,Aged,1,
3DD.0077709594,5/27/2017,2017,115,110,Spring,,,Unaged,,
3DD.007770DD89,5/27/2017,2017,115,110,Spring,,,Unaged,,
3DD.0077701350,5/28/2017,2017,115,110,Spring,,,Unaged,,
3DD.0077B5FEA5,4/14/2017,2017,116,110,Spring,,,Unaged,,
3DD.0077701813,5/1/2017,2017,116,110,Spring,,,Unaged,,
3DD.00776E9550,5/5/2017,2017,116,110,Spring,,,Unaged,,
3DD.00777019AA,5/8/2017,2017,116,110,Spring,,,Unaged,,
3DD.007770397F,5/8/2017,2017,116,110,Spring,,,Unaged,,
3DD.007770E094,5/18/2017,2017,116,110,Spring,,,Unaged,,
3DD.00776E849E,5/21/2017,2017,116,110,Spring,17-69354,1:0,Aged,1,
3DD.007770896C,5/25/2017,2017,116,110,Spring,17-69376,1:0,Aged,1,
3DD.00777055A2,5/26/2017,2017,116,110,Spring,,,Unaged,,
3DD.007770ECF7,5/27/2017,2017,116,110,Spring,,,Unaged,,
3DD.00777049A3,4/6/2017,2017,117,110,Spring,,,Unaged,,
3DD.003BC9E1B2,5/4/2017,2017,117,110,Spring,,,Unaged,,
3DD.00776F817F,5/8/2017,2017,117,110,Spring,,,Unaged,,
3DD.00776FDDD1,5/17/2017,2017,117,110,Spring,,,Unaged,,
3DD.00776F377E,5/20/2017,2017,117,110,Spring,,,Unaged,,
3DD.00776E9265,5/24/2017,2017,117,110,Spring,,,Unaged,,
3DD.0077709637,5/26/2017,2017,117,110,Spring,,,Unaged,,
3DD.00776EEE81,5/6/2017,2017,118,110,Spring,,,Unaged,,
3DD.00777066C1,5/13/2017,2017,118,110,Spring,,,Unaged,,
3DD.00776E9C3C,5/14/2017,2017,118,110,Spring,17-69322,1:0,Aged,1,
3DD.00776EB369,5/16/2017,2017,118,110,Spring,,,Unaged,,
3DD.00776E8C04,5/17/2017,2017,118,110,Spring,,,Unaged,,
3DD.00776E97F0,5/17/2017,2017,118,110,Spring,,,Unaged,,
3DD.007770815D,5/26/2017,2017,118,110,Spring,,,Unaged,,
3DD.00776F77F8,6/2/2017,2017,118,110,Spring,17-78004,1:0,Aged,1,
3DD.0077707543,4/7/2017,2017,119,110,Spring,,,Unaged,,
3DD.00776F9405,5/5/2017,2017,119,110,Spring,17-69273,1:0,Aged,1,
3DD.00776F19E3,5/7/2017,2017,119,110,Spring,,,Unaged,,
3DD.007770D041,5/10/2017,2017,119,110,Spring,17-69307,1:0,Aged,1,
3DD.0077708B31,5/20/2017,2017,119,110,Spring,17-69350,1:0,Aged,1,
3DD.0077B6A638,4/17/2017,2017,120,120,Spring,,,Unaged,,
3DD.00776F3DB6,5/1/2017,2017,120,120,Spring,,,Unaged,,
3DD.00776F0E67,5/6/2017,2017,120,120,Spring,,,Unaged,,
3DD.00776F9636,5/6/2017,2017,120,120,Spring,,,Unaged,,
3DD.00776FDDE9,5/6/2017,2017,120,120,Spring,,,Unaged,,
3DD.0077704444,5/9/2017,2017,120,120,Spring,,,Unaged,,
3DD.007770C170,5/9/2017,2017,120,120,Spring,,,Unaged,,
3DD.00776F1A3D,5/13/2017,2017,120,120,Spring,,,Unaged,,
3DD.00776F23DD,5/17/2017,2017,120,120,Spring,17-69335,1:0,Aged,1,
3DD.00776FCF2C,5/19/2017,2017,120,120,Spring,,,Unaged,,
3DD.0077708152,5/20/2017,2017,120,120,Spring,,,Unaged,,
3DD.00776F32AD,5/25/2017,2017,120,120,Spring,,,Unaged,,
3DD.00776EAB71,4/5/2017,2017,121,120,Spring,,,Unaged,,
3DD.00776EF375,4/5/2017,2017,121,120,Spring,,,Unaged,,
3DD.0077702233,4/7/2017,2017,121,120,Spring,,,Unaged,,
3DD.0077B6CB74,4/13/2017,2017,121,120,Spring,,,Unaged,,
3DD.003BC9E17C,5/4/2017,2017,121,120,Spring,17-69261,1:0,Aged,1,
3DD.00776FE76B,5/6/2017,2017,121,120,Spring,,,Unaged,,
3DD.007770C8AD,5/7/2017,2017,121,120,Spring,,,Unaged,,
3DD.00776FC892,5/14/2017,2017,121,120,Spring,,,Unaged,,
3DD.007770AA1D,5/16/2017,2017,121,120,Spring,,,Unaged,,
3DD.0077702640,5/17/2017,2017,121,120,Spring,,,Unaged,,
3DD.0077707E7F,5/17/2017,2017,121,120,Spring,17-69336,1:0,Aged,1,
3DD.0077709D1D,5/17/2017,2017,121,120,Spring,,,Unaged,,
3DD.00776EF5AC,5/18/2017,2017,121,120,Spring,,,Unaged,,
3DD.00776EEB26,5/23/2017,2017,121,120,Spring,,,Unaged,,
3DD.00776FC8D2,5/23/2017,2017,121,120,Spring,,,Unaged,,
3DD.00776FDD79,5/23/2017,2017,121,120,Spring,,,Unaged,,
3DD.00776FA931,5/27/2017,2017,121,120,Spring,17-69397,1:0,Aged,1,
3DD.00776F1375,5/30/2017,2017,121,120,Spring,,,Unaged,,
3DD.00776F7121,5/5/2017,2017,122,120,Spring,,,Unaged,,
3DD.00776F9B04,5/7/2017,2017,122,120,Spring,,,Unaged,,
3DD.00776E8CF3,5/8/2017,2017,122,120,Spring,,,Unaged,,
3DD.0077703D91,5/17/2017,2017,122,120,Spring,,,Unaged,,
3DD.0077704837,5/26/2017,2017,122,120,Spring,,,Unaged,,
3DD.00776F383F,5/7/2017,2017,123,120,Spring,,,Unaged,,
3DD.0077707BF6,5/9/2017,2017,123,120,Spring,,,Unaged,,
3DD.0077709134,5/18/2017,2017,123,120,Spring,,,Unaged,,
3DD.00776F25FC,5/20/2017,2017,123,120,Spring,,,Unaged,,
3DD.00776EA747,5/23/2017,2017,123,120,Spring,,,Unaged,,
3DD.00776FE734,5/23/2017,2017,123,120,Spring,,,Unaged,,
3DD.00776FB0CB,5/27/2017,2017,123,120,Spring,,,Unaged,,
3DD.00776EE73D,5/30/2017,2017,123,120,Spring,,,Unaged,,
3DD.00776FCDFA,4/6/2017,2017,124,120,Spring,,,Unaged,,
3DD.0077B706EB,4/14/2017,2017,124,120,Spring,17-69218,2:0,Aged,2,
3DD.0077B5EF53,4/16/2017,2017,124,120,Spring,,,Unaged,,
3DD.0077703C3E,5/5/2017,2017,124,120,Spring,17-69271,1:0,Aged,1,
3DD.00776F9499,5/6/2017,2017,124,120,Spring,17-69276,1:0,Aged,1,
3DD.00776FF584,5/19/2017,2017,124,120,Spring,17-69346,2:0,Aged,2,
3DD.00776FC68A,5/26/2017,2017,124,120,Spring,17-69389,1:0,Aged,1,
3DD.0077700D60,5/28/2017,2017,124,120,Spring,,,Unaged,,
3DD.007770407F,5/12/2017,2017,125,120,Spring,17-69309,1:0,Aged,1,
3DD.007770424D,5/16/2017,2017,125,120,Spring,17-69328,1:0,Aged,1,
3DD.00776F7ED6,5/23/2017,2017,125,120,Spring,17-69369,1:0,Aged,1,
3DD.007770CDE7,5/23/2017,2017,125,120,Spring,,,Unaged,,
3DD.00776E9D20,5/31/2017,2017,125,120,Spring,17-78003,1:0,Aged,1,
3DD.0077B6FE4F,4/15/2017,2017,126,120,Spring,,,Unaged,,
3DD.00776EB102,5/10/2017,2017,126,120,Spring,17-69305,2:0,Aged,2,
3DD.00776FE8E7,5/13/2017,2017,126,120,Spring,,,Unaged,,
3DD.00776EF5B2,5/14/2017,2017,126,120,Spring,,,Unaged,,
3DD.007770F13E,5/17/2017,2017,126,120,Spring,,,Unaged,,
3DD.00776FFCE4,5/23/2017,2017,126,120,Spring,,,Unaged,,
3DD.0077707BEA,4/7/2017,2017,127,120,Spring,,,Unaged,,
3DD.00776E9557,5/5/2017,2017,127,120,Spring,,,Unaged,,
3DD.00776F598B,5/8/2017,2017,127,120,Spring,17-69297,1:0,Aged,1,
3DD.00776FBADC,5/9/2017,2017,127,120,Spring,,,Unaged,,
3DD.0077700A68,5/17/2017,2017,127,120,Spring,,,Unaged,,
3DD.0077709C89,5/17/2017,2017,127,120,Spring,17-69333,1:0,Aged,1,
3DD.00776E9169,5/5/2017,2017,128,120,Spring,,,Unaged,,
3DD.00776FF1A8,5/6/2017,2017,128,120,Spring,,,Unaged,,
3DD.007770B23A,5/14/2017,2017,128,120,Spring,,,Unaged,,
3DD.00776E9600,5/17/2017,2017,128,120,Spring,,,Unaged,,
3DD.007770507D,5/17/2017,2017,128,120,Spring,,,Unaged,,
3DD.007770FB09,5/25/2017,2017,128,120,Spring,,,Unaged,,
3DD.00776F7DC8,5/26/2017,2017,128,120,Spring,,,Unaged,,
3DD.0077704EBA,4/5/2017,2017,129,120,Spring,,,Unaged,,
3DD.00776F7B02,4/7/2017,2017,129,120,Spring,,,Unaged,,
3DD.0077B6DB93,4/16/2017,2017,129,120,Spring,,,Unaged,,
3DD.00777019A6,4/23/2017,2017,129,120,Spring,17-69237,1:0,Aged,1,
3DD.00776FF22E,5/15/2017,2017,129,120,Spring,,,Unaged,,
3DD.003BC9E19D,5/4/2017,2017,130,130,Spring,17-69263,1:0,Aged,1,
3DD.007770C5D2,5/15/2017,2017,130,130,Spring,,,Unaged,,
3DD.00776FB0A5,5/20/2017,2017,130,130,Spring,,,Unaged,,
3DD.007770B430,5/22/2017,2017,130,130,Spring,,,Unaged,,
3DD.0077703CD0,5/18/2017,2017,131,130,Spring,,,Unaged,,
3DD.00776FCE0F,5/21/2017,2017,131,130,Spring,,,Unaged,,
3DD.00776E9AF9,5/27/2017,2017,131,130,Spring,17-69398,1:0,Aged,1,
3DD.0077B6B50F,4/14/2017,2017,132,130,Spring,,,Unaged,,
3DD.003BC9E185,5/4/2017,2017,132,130,Spring,,,Unaged,,
3DD.003BC9E1C9,5/4/2017,2017,132,130,Spring,,,Unaged,,
3DD.00776F35E6,5/7/2017,2017,132,130,Spring,,,Unaged,,
3DD.00776FE7BC,5/19/2017,2017,132,130,Spring,,,Unaged,,
3DD.007770AA23,5/21/2017,2017,132,130,Spring,17-69353,1:0,Aged,1,
3DD.007770E07A,5/22/2017,2017,132,130,Spring,,,Unaged,,
3DD.00777091DF,5/2/2017,2017,133,130,Spring,,,Unaged,,
3DD.003BC9E1C5,5/3/2017,2017,133,130,Spring,17-69255,2:0,Aged,2,
3DD.00776EDD89,5/6/2017,2017,133,130,Spring,,,Unaged,,
3DD.0077701B4A,5/6/2017,2017,133,130,Spring,17-69282,2:0,Aged,2,
3DD.007770D65C,5/18/2017,2017,133,130,Spring,,,Unaged,,
3DD.00776F480E,5/20/2017,2017,133,130,Spring,17-69352,1:0,Aged,1,
3DD.00776F94D0,5/20/2017,2017,133,130,Spring,17-69351,1:0,Aged,1,
3DD.0077702145,4/5/2017,2017,134,130,Spring,,,Unaged,,
3DD.007770ACDA,4/25/2017,2017,134,130,Spring,,,Unaged,,
3DD.00776F8652,5/1/2017,2017,134,130,Spring,,,Unaged,,
3DD.007770725D,5/7/2017,2017,134,130,Spring,,,Unaged,,
3DD.00776EA731,5/18/2017,2017,134,130,Spring,,,Unaged,,
3DD.00776F5C40,5/13/2017,2017,135,130,Spring,,,Unaged,,
3DD.00776E8EF3,5/23/2017,2017,135,130,Spring,,,Unaged,,
3DD.00776FF06E,5/25/2017,2017,135,130,Spring,17-69379,2:0,Aged,2,
3DD.00777026DB,4/8/2017,2017,136,130,Spring,,,Unaged,,
3DD.007770A350,5/5/2017,2017,136,130,Spring,,,Unaged,,
3DD.007770119B,5/7/2017,2017,136,130,Spring,17-69287,1:0,Aged,1,
3DD.00777017F3,5/7/2017,2017,136,130,Spring,,,Unaged,,
3DD.0077AE3CAA,4/18/2017,2017,137,130,Spring,,,Unaged,,
3DD.007770843E,4/30/2017,2017,137,130,Spring,,,Unaged,,
3DD.003BC9E1B4,5/4/2017,2017,137,130,Spring,,,Unaged,,
3DD.0077704D65,5/7/2017,2017,137,130,Spring,17-69288,2:0,Aged,2,
3DD.007770CFE1,5/21/2017,2017,138,130,Spring,,,Unaged,,
3DD.00776FCDC4,4/30/2017,2017,139,130,Spring,17-69247,1:0,Aged,1,
3DD.00776F2F45,5/1/2017,2017,139,130,Spring,,,Unaged,,
3DD.003BC9E19C,5/4/2017,2017,139,130,Spring,,,Unaged,,
3DD.00776FF790,5/6/2017,2017,139,130,Spring,17-69278,1:0,Aged,1,
3DD.007770EC09,5/8/2017,2017,139,130,Spring,17-69296,1:0,Aged,1,
3DD.00776FA0FD,5/13/2017,2017,139,130,Spring,17-69313,2:0,Aged,2,
3DD.00776E98E9,5/17/2017,2017,140,140,Spring,,,Unaged,,
3DD.00776EE6CB,5/19/2017,2017,140,140,Spring,,,Unaged,,
3DD.00776FB2D3,5/7/2017,2017,141,140,Spring,,,Unaged,,
3DD.0077707516,5/7/2017,2017,141,140,Spring,,,Unaged,,
3DD.0077709FDF,5/15/2017,2017,141,140,Spring,,,Unaged,,
3DD.007770EDEB,5/19/2017,2017,141,140,Spring,17-69345,2:0,Aged,2,
3DD.00776FE47B,4/8/2017,2017,142,140,Spring,17-69210,2:0,Aged,2,
3DD.0077B6B0BB,4/10/2017,2017,142,140,Spring,17-69213,2:0,Aged,2,
3DD.0077B6A328,4/11/2017,2017,142,140,Spring,17-69215,2:0,Aged,2,
3DD.007770F184,5/2/2017,2017,142,140,Spring,,,Unaged,,
3DD.00776FD8FE,5/7/2017,2017,142,140,Spring,17-69292,1:0,Aged,1,
3DD.007770437A,5/20/2017,2017,142,140,Spring,17-69347,2:0,Aged,2,
3DD.0077709F46,5/20/2017,2017,142,140,Spring,,,Unaged,,
3DD.0077B6FDDC,4/14/2017,2017,143,140,Spring,,,Unaged,,
3DD.0077B6BFB1,4/17/2017,2017,143,140,Spring,17-69225,2:0,Aged,2,
3DD.0077B68BCB,4/19/2017,2017,143,140,Spring,,,Unaged,,
3DD.003BC9E17F,5/3/2017,2017,143,140,Spring,,,Unaged,,
3DD.00776FB06F,5/6/2017,2017,143,140,Spring,,,Unaged,,
3DD.00776F9432,4/6/2017,2017,144,140,Spring,,,Unaged,,
3DD.0077B6F4AF,4/21/2017,2017,144,140,Spring,,,Unaged,,
3DD.00777083DB,4/29/2017,2017,144,140,Spring,,,Unaged,,
3DD.007770B175,5/22/2017,2017,144,140,Spring,,,Unaged,,
3DD.00776F77A9,4/8/2017,2017,145,140,Spring,,,Unaged,,
3DD.00776EDCB6,4/9/2017,2017,145,140,Spring,17-69212,2:0,Aged,2,
3DD.00776F63C1,4/23/2017,2017,145,140,Spring,,,Unaged,,
3DD.003BC9E1A7,5/4/2017,2017,145,140,Spring,17-69262,1:0,Aged,1,
3DD.0077703A0A,5/5/2017,2017,145,140,Spring,,,Unaged,,
3DD.00777013D0,5/18/2017,2017,145,140,Spring,17-69343,1:0,Aged,1,
3DD.00776F7A2B,5/26/2017,2017,145,140,Spring,17-69391,1:0,Aged,1,
3DD.00776EDDA2,4/6/2017,2017,146,140,Spring,,,Unaged,,
3DD.00776FDA5D,4/9/2017,2017,147,140,Spring,,,Unaged,,
3DD.003BC9E196,5/4/2017,2017,147,140,Spring,,,Unaged,,
3DD.0077B68099,4/22/2017,2017,148,140,Spring,17-69233,2:0,Aged,2,
3DD.00776FCC87,4/27/2017,2017,148,140,Spring,17-69244,2:0,Aged,2,
3DD.0077705842,5/7/2017,2017,148,140,Spring,,,Unaged,,
3DD.00776F2DAD,5/17/2017,2017,148,140,Spring,,,Unaged,,
3DD.00776F714A,5/17/2017,2017,148,140,Spring,17-69338,1:0,Aged,1,
3DD.007770CD08,5/6/2017,2017,149,140,Spring,,,Unaged,,
3DD.0077B6BA1F,4/11/2017,2017,150,150,Spring,,,Unaged,,
3DD.0077B6D8F7,4/19/2017,2017,150,150,Spring,17-69229,2:0,Aged,2,
3DD.00776FB55D,5/5/2017,2017,150,150,Spring,,,Unaged,,
3DD.00776FCE1F,5/6/2017,2017,150,150,Spring,,,Unaged,,
3DD.00776E893C,5/13/2017,2017,150,150,Spring,17-69311,2:0,Aged,2,
3DD.00777098B9,4/8/2017,2017,151,150,Spring,,,Unaged,,
3DD.0077B6AFF0,4/10/2017,2017,151,150,Spring,,,Unaged,,
3DD.0077B60EB5,4/14/2017,2017,151,150,Spring,,,Unaged,,
3DD.00776EADE7,5/17/2017,2017,151,150,Spring,,,Unaged,,
3DD.007770A6F4,5/22/2017,2017,151,150,Spring,,,Unaged,,
3DD.00776F9CC6,4/3/2017,2017,152,150,Spring,,,Unaged,,
3DD.00776F103D,5/1/2017,2017,152,150,Spring,,,Unaged,,
3DD.00776FFE4F,5/1/2017,2017,152,150,Spring,,,Unaged,,
3DD.0077700AA6,5/5/2017,2017,152,150,Spring,17-69269,2:0,Aged,2,
3DD.00776F37E1,5/7/2017,2017,152,150,Spring,,,Unaged,,
3DD.007770FBDC,5/13/2017,2017,152,150,Spring,,,Unaged,,
3DD.00776FC90B,4/25/2017,2017,153,150,Spring,,,Unaged,,
3DD.00776EC549,5/10/2017,2017,153,150,Spring,,,Unaged,,
3DD.00776EEA9A,5/10/2017,2017,153,150,Spring,,,Unaged,,
3DD.00776F1549,5/10/2017,2017,153,150,Spring,,,Unaged,,
3DD.007770561D,5/17/2017,2017,153,150,Spring,,,Unaged,,
3DD.007770BED2,5/17/2017,2017,153,150,Spring,,,Unaged,,
3DD.007770670D,4/9/2017,2017,154,150,Spring,,,Unaged,,
3DD.0077B6FE2C,4/19/2017,2017,154,150,Spring,,,Unaged,,
3DD.003BC9E1CD,5/4/2017,2017,154,150,Spring,,,Unaged,,
3DD.00776F0399,5/6/2017,2017,154,150,Spring,,,Unaged,,
3DD.00776EA751,5/7/2017,2017,154,150,Spring,17-69285,2:0,Aged,2,
3DD.0077706AE9,5/14/2017,2017,154,150,Spring,,,Unaged,,
3DD.00776EDB21,5/17/2017,2017,154,150,Spring,,,Unaged,,
3DD.0077B68452,4/19/2017,2017,155,150,Spring,,,Unaged,,
3DD.007770B09C,5/6/2017,2017,155,150,Spring,17-69275,2:0,Aged,2,
3DD.00777036CA,4/6/2017,2017,156,150,Spring,,,Unaged,,
3DD.0077704C7A,4/7/2017,2017,156,150,Spring,,,Unaged,,
3DD.003BC9E1C1,5/3/2017,2017,156,150,Spring,17-69258,2:0,Aged,2,
3DD.00776EC51B,4/7/2017,2017,157,150,Spring,17-69209,2:0,Aged,2,
3DD.0077B6F2BD,4/14/2017,2017,157,150,Spring,,,Unaged,,
3DD.007770B40E,4/27/2017,2017,157,150,Spring,,,Unaged,,
3DD.00776E91BE,4/23/2017,2017,158,150,Spring,,,Unaged,,
3DD.0077704D13,4/27/2017,2017,158,150,Spring,,,Unaged,,
3DD.00776F80E3,4/8/2017,2017,159,150,Spring,,,Unaged,,
3DD.0077ADE74A,4/16/2017,2017,159,150,Spring,,,Unaged,,
3DD.00776FA3DD,4/30/2017,2017,159,150,Spring,,,Unaged,,
3DD.007770DB14,5/1/2017,2017,159,150,Spring,,,Unaged,,
3DD.00776EE8F1,4/24/2017,2017,160,160,Spring,,,Unaged,,
3DD.00776FD62F,4/30/2017,2017,160,160,Spring,,,Unaged,,
3DD.00776FAC41,5/2/2017,2017,161,160,Spring,17-69252,2:0,Aged,2,
3DD.00776F2E1F,5/7/2017,2017,161,160,Spring,,,Unaged,,
3DD.00777027C6,5/2/2017,2017,162,160,Spring,,,Unaged,,
3DD.00776ECA73,4/4/2017,2017,163,160,Spring,,,Unaged,,
3DD.00776FB0B7,4/7/2017,2017,163,160,Spring,,,Unaged,,
3DD.00776FF04D,4/7/2017,2017,163,160,Spring,17-69205,2:0,Aged,2,
3DD.007770E2DD,4/9/2017,2017,163,160,Spring,,,Unaged,,
3DD.0077AF7868,4/10/2017,2017,164,160,Spring,,,Unaged,,
3DD.00776EE881,4/28/2017,2017,164,160,Spring,,,Unaged,,
3DD.00776F9A0F,5/5/2017,2017,164,160,Spring,17-69268,2:0,Aged,2,
3DD.0077B70613,4/10/2017,2017,165,160,Spring,,,Unaged,,
3DD.00777027EA,5/7/2017,2017,165,160,Spring,,,Unaged,,
3DD.0077B6B1A7,4/10/2017,2017,166,160,Spring,,,Unaged,,
3DD.00776E8FA7,4/7/2017,2017,167,160,Spring,,,Unaged,,
3DD.0077709C82,5/1/2017,2017,167,160,Spring,,,Unaged,,
3DD.003BC9E1AA,5/3/2017,2017,168,160,Spring,,,Unaged,,
3DD.00776EA33F,5/16/2017,2017,168,160,Spring,,,Unaged,,
3DD.0077B6BAAA,4/13/2017,2017,169,160,Spring,,,Unaged,,
3DD.0077B6F63F,4/15/2017,2017,169,160,Spring,17-69222,2:0,Aged,2,
3DD.0077B70B0A,4/16/2017,2017,169,160,Spring,17-69223,2:0,Aged,2,
3DD.0077AF44B1,4/14/2017,2017,170,170,Spring,17-69220,2:0,Aged,2,
3DD.00776ED977,4/25/2017,2017,170,170,Spring,17-69241,2:0,Aged,2,
3DD.007770B779,4/30/2017,2017,170,170,Spring,17-69246,2:0,Aged,2,
3DD.007770AC75,5/6/2017,2017,170,170,Spring,17-69281,2:0,Aged,2,
3DD.0077B6C29B,4/15/2017,2017,171,170,Spring,,,Unaged,,
3DD.0077704E7D,4/27/2017,2017,171,170,Spring,,,Unaged,,
3DD.00776EAA4B,5/7/2017,2017,171,170,Spring,,,Unaged,,
3DD.00776F65C7,5/7/2017,2017,171,170,Spring,,,Unaged,,
3DD.00776FA32E,4/25/2017,2017,172,170,Spring,,,Unaged,,
3DD.00776F5D7D,4/30/2017,2017,172,170,Spring,,,Unaged,,
3DD.0077703B59,5/6/2017,2017,172,170,Spring,,,Unaged,,
3DD.0077B6F390,4/17/2017,2017,173,170,Spring,,,Unaged,,
3DD.00776FE4AE,5/7/2017,2017,173,170,Spring,,,Unaged,,
3DD.0077B67F60,4/19/2017,2017,174,170,Spring,,,Unaged,,
3DD.0077709F12,5/6/2017,2017,178,170,Spring,,,Unaged,,
3DD.00776E900A,5/13/2017,2017,178,170,Spring,17-69317,2:0,Aged,2,
3DD.007770C253,4/5/2017,2017,179,170,Spring,,,Unaged,,
3DD.0077AF27AE,4/16/2017,2017,179,170,Spring,,,Unaged,,
3DD.0077B68B06,4/16/2017,2017,179,170,Spring,,,Unaged,,
3DD.00776F8DD0,4/24/2017,2017,179,170,Spring,17-69238,2:0,Aged,2,
3DD.0077B6785D,4/21/2017,2017,180,180,Spring,17-69232,2:0,Aged,2,
3DD.0077AE1E34,4/12/2017,2017,183,180,Spring,17-69216,2:0,Aged,2,
3DD.007770506C,4/23/2017,2017,186,180,Spring,,,Unaged,,
3DD.0077707E98,3/17/2018,2018,80,80,Spring,,,Unaged,,
3DD.00778C9975,3/28/2018,2018,80,80,Spring,,,Unaged,,
3DD.00778C94CA,4/7/2018,2018,80,80,Spring,,,Unaged,,
3DD.00778CBEEB,4/19/2018,2018,80,80,Spring,,,Unaged,,
3DD.00778CA0AB,5/2/2018,2018,80,80,Spring,,,Unaged,,
3DD.0077809059,5/5/2018,2018,80,80,Spring,,,Unaged,,
3DD.0077BC69B0,5/13/2018,2018,80,80,Spring,,,Unaged,,
3DD.0077AE1D44,5/14/2018,2018,80,80,Spring,,,Unaged,,
3DD.0077B41E26,5/17/2018,2018,80,80,Spring,18-67528,1:0,Aged,1,
3DD.0077B51679,5/18/2018,2018,80,80,Spring,,,Unaged,,
3DD.00778CF50D,4/26/2018,2018,81,80,Spring,,,Unaged,,
3DD.00778CE0B2,5/5/2018,2018,81,80,Spring,,,Unaged,,
3DD.0077B5EDDF,5/8/2018,2018,81,80,Spring,,,Unaged,,
3DD.003BCB0074,3/11/2018,2018,82,80,Spring,,,Unaged,,
3DD.003BCB008D,3/12/2018,2018,82,80,Spring,,,Unaged,,
3DD.00776FD5D1,3/13/2018,2018,82,80,Spring,,,Unaged,,
3DD.007780320A,4/25/2018,2018,82,80,Spring,,,Unaged,,
3DD.0077AE3A40,5/8/2018,2018,82,80,Spring,,,Unaged,,
3DD.0077ADC862,5/9/2018,2018,82,80,Spring,,,Unaged,,
3DD.0077AE6C70,5/11/2018,2018,82,80,Spring,,,Unaged,,
3DD.0077AE725B,5/11/2018,2018,82,80,Spring,,,Unaged,,
3DD.0077B439EB,5/17/2018,2018,82,80,Spring,,,Unaged,,
3DD.0077B48508,5/21/2018,2018,82,80,Spring,,,Unaged,,
3DD.00776FE8F0,3/20/2018,2018,83,80,Spring,,,Unaged,,
3DD.00778032EC,4/30/2018,2018,83,80,Spring,,,Unaged,,
3DD.00778CAE74,5/6/2018,2018,83,80,Spring,18-67490,1:0,Aged,1,
3DD.0077AE6138,5/12/2018,2018,83,80,Spring,,,Unaged,,
3DD.0077AE399D,5/13/2018,2018,83,80,Spring,,,Unaged,,
3DD.0077B48493,5/19/2018,2018,83,80,Spring,,,Unaged,,
3DD.003BCB0041,3/12/2018,2018,84,80,Spring,,,Unaged,,
3DD.003BCB0043,3/13/2018,2018,84,80,Spring,18-67451,1:0,Aged,1,
3DD.0077805C25,4/22/2018,2018,84,80,Spring,18-67465,2:0,Aged,2,
3DD.00778D0A11,4/23/2018,2018,84,80,Spring,,,Unaged,,
3DD.0077AEDBDB,5/10/2018,2018,84,80,Spring,,,Unaged,,
3DD.0077ADB8FD,5/11/2018,2018,84,80,Spring,,,Unaged,,
3DD.0077AED847,5/12/2018,2018,84,80,Spring,,,Unaged,,
3DD.0077B6F996,5/13/2018,2018,84,80,Spring,18-67510,1:0,Aged,1,
3DD.0077AEC5A4,5/14/2018,2018,84,80,Spring,,,Unaged,,
3DD.0077AE71E3,5/14/2018,2018,84,80,Spring,,,Unaged,,
3DD.00778CA255,4/24/2018,2018,85,80,Spring,,,Unaged,,
3DD.00778C9F4E,5/4/2018,2018,85,80,Spring,,,Unaged,,
3DD.007780845E,5/5/2018,2018,85,80,Spring,,,Unaged,,
3DD.0077804BF3,5/6/2018,2018,85,80,Spring,,,Unaged,,
3DD.00778CAE38,5/6/2018,2018,85,80,Spring,,,Unaged,,
3DD.0077AE95F1,5/11/2018,2018,85,80,Spring,,,Unaged,,
3DD.0077B4C417,5/23/2018,2018,85,80,Spring,,,Unaged,,
3DD.003BCB0052,3/12/2018,2018,86,80,Spring,,,Unaged,,
3DD.003BCB005F,3/12/2018,2018,86,80,Spring,,,Unaged,,
3DD.00776E94D6,3/14/2018,2018,86,80,Spring,,,Unaged,,
3DD.0077704661,3/14/2018,2018,86,80,Spring,,,Unaged,,
3DD.00778CF5D4,3/29/2018,2018,86,80,Spring,,,Unaged,,
3DD.00778084E5,4/25/2018,2018,86,80,Spring,,,Unaged,,
3DD.00778CE3B6,4/27/2018,2018,86,80,Spring,,,Unaged,,
3DD.00778D2129,5/7/2018,2018,86,80,Spring,,,Unaged,,
3DD.0077AE6CE1,5/12/2018,2018,86,80,Spring,,,Unaged,,
3DD.0077AE733D,5/13/2018,2018,86,80,Spring,,,Unaged,,
3DD.0077B45309,5/16/2018,2018,86,80,Spring,18-67523,1:0,Aged,1,
3DD.00778D09CD,4/24/2018,2018,87,80,Spring,,,Unaged,,
3DD.00778CFA5D,4/29/2018,2018,87,80,Spring,,,Unaged,,
3DD.00778CDFB9,5/3/2018,2018,87,80,Spring,,,Unaged,,
3DD.007780998F,5/3/2018,2018,87,80,Spring,,,Unaged,,
3DD.00778098F7,5/5/2018,2018,87,80,Spring,,,Unaged,,
3DD.00778CE3F8,5/5/2018,2018,87,80,Spring,,,Unaged,,
3DD.00778D21A4,5/6/2018,2018,87,80,Spring,,,Unaged,,
3DD.00777F6743,5/7/2018,2018,87,80,Spring,,,Unaged,,
3DD.0077AE02DB,5/9/2018,2018,87,80,Spring,,,Unaged,,
3DD.0077AEC8C8,5/9/2018,2018,87,80,Spring,,,Unaged,,
3DD.0077ADDCD4,5/10/2018,2018,87,80,Spring,,,Unaged,,
3DD.0077ADBE13,5/11/2018,2018,87,80,Spring,,,Unaged,,
3DD.0077ADFC57,5/12/2018,2018,87,80,Spring,,,Unaged,,
3DD.0077BCA477,5/13/2018,2018,87,80,Spring,,,Unaged,,
3DD.0077B5E7B2,5/14/2018,2018,87,80,Spring,18-67512,1:0,Aged,1,
3DD.0077AE0338,5/14/2018,2018,87,80,Spring,,,Unaged,,
3DD.0077B41EA5,5/15/2018,2018,87,80,Spring,,,Unaged,,
3DD.0077B437FB,5/16/2018,2018,87,80,Spring,,,Unaged,,
3DD.0077B4D205,5/17/2018,2018,87,80,Spring,,,Unaged,,
3DD.0077B4FBCE,5/17/2018,2018,87,80,Spring,,,Unaged,,
3DD.0077805909,4/28/2018,2018,88,80,Spring,,,Unaged,,
3DD.0077808524,5/4/2018,2018,88,80,Spring,18-67482,1:0,Aged,1,
3DD.00778CC9CD,5/4/2018,2018,88,80,Spring,,,Unaged,,
3DD.00778090A7,5/6/2018,2018,88,80,Spring,,,Unaged,,
3DD.00778C92BF,5/6/2018,2018,88,80,Spring,,,Unaged,,
3DD.00778CF2A8,5/6/2018,2018,88,80,Spring,,,Unaged,,
3DD.0077ADEC2B,5/9/2018,2018,88,80,Spring,,,Unaged,,
3DD.00776F83FE,3/15/2018,2018,89,80,Spring,18-67453,2:0,Aged,2,
3DD.00778CC94E,5/5/2018,2018,89,80,Spring,,,Unaged,,
3DD.00778024D0,5/7/2018,2018,89,80,Spring,,,Unaged,,
3DD.0077ADC495,5/9/2018,2018,89,80,Spring,,,Unaged,,
3DD.0077B5D924,5/12/2018,2018,89,80,Spring,,,Unaged,,
3DD.0077B4888A,5/17/2018,2018,89,80,Spring,,,Unaged,,
3DD.0077B438B8,5/18/2018,2018,89,80,Spring,,,Unaged,,
3DD.0077B52023,5/21/2018,2018,89,80,Spring,,,Unaged,,
3DD.00778C95C1,4/22/2018,2018,90,90,Spring,,,Unaged,,
3DD.00778C8C2F,4/26/2018,2018,90,90,Spring,,,Unaged,,
3DD.0077802FA2,4/29/2018,2018,90,90,Spring,18-67473,1:0,Aged,1,
3DD.00778024E2,4/29/2018,2018,90,90,Spring,,,Unaged,,
3DD.00778D0C29,5/6/2018,2018,90,90,Spring,,,Unaged,,
3DD.00778CA8F4,5/8/2018,2018,90,90,Spring,,,Unaged,,
3DD.0077AE0BB6,5/8/2018,2018,90,90,Spring,18-67496,1:0,Aged,1,
3DD.0077AEE836,5/9/2018,2018,90,90,Spring,18-67499,1:0,Aged,1,
3DD.0077AE3D7A,5/12/2018,2018,90,90,Spring,,,Unaged,,
3DD.0077ADC2B6,5/13/2018,2018,90,90,Spring,,,Unaged,,
3DD.0077BC59CA,5/14/2018,2018,90,90,Spring,18-67515,1:0,Aged,1,
3DD.0077B405EF,5/15/2018,2018,90,90,Spring,,,Unaged,,
3DD.0077B47AC5,5/15/2018,2018,90,90,Spring,18-67520,1:0,Aged,1,
3DD.0077B46C86,5/15/2018,2018,90,90,Spring,,,Unaged,,
3DD.0077B4DE96,5/17/2018,2018,90,90,Spring,18-67524,1:0,Aged,1,
3DD.0077B4D340,5/17/2018,2018,90,90,Spring,,,Unaged,,
3DD.0077B446B9,5/17/2018,2018,90,90,Spring,,,Unaged,,
3DD.0077B4ED8E,5/17/2018,2018,90,90,Spring,,,Unaged,,
3DD.0077B443F6,5/18/2018,2018,90,90,Spring,,,Unaged,,
3DD.0077B4442D,5/18/2018,2018,90,90,Spring,,,Unaged,,
3DD.00778D0876,3/30/2018,2018,91,90,Spring,,,Unaged,,
3DD.00778CE10A,4/1/2018,2018,91,90,Spring,18-67458,1:0,Aged,1,
3DD.00778C9FAC,4/21/2018,2018,91,90,Spring,,,Unaged,,
3DD.00778C8B99,5/2/2018,2018,91,90,Spring,,,Unaged,,
3DD.00778CE7A5,5/2/2018,2018,91,90,Spring,,,Unaged,,
3DD.00778CB64A,5/5/2018,2018,91,90,Spring,,,Unaged,,
3DD.0077AEB6A3,5/12/2018,2018,91,90,Spring,,,Unaged,,
3DD.0077B4D3C3,5/15/2018,2018,91,90,Spring,,,Unaged,,
3DD.0077B40595,5/16/2018,2018,91,90,Spring,,,Unaged,,
3DD.0077B42A9D,5/17/2018,2018,91,90,Spring,,,Unaged,,
3DD.0077B41BA5,5/17/2018,2018,91,90,Spring,,,Unaged,,
3DD.0077B436C0,5/17/2018,2018,91,90,Spring,,,Unaged,,
3DD.0077B40F6F,5/25/2018,2018,91,90,Spring,,,Unaged,,
3DD.0077B4125B,5/26/2018,2018,91,90,Spring,,,Unaged,,
3DD.00778C9D1C,4/26/2018,2018,92,90,Spring,,,Unaged,,
3DD.00778CECF0,4/26/2018,2018,92,90,Spring,,,Unaged,,
3DD.00778CDE63,4/30/2018,2018,92,90,Spring,,,Unaged,,
3DD.00778CFD83,5/4/2018,2018,92,90,Spring,,,Unaged,,
3DD.00778D134D,5/4/2018,2018,92,90,Spring,,,Unaged,,
3DD.0077804D4B,5/6/2018,2018,92,90,Spring,,,Unaged,,
3DD.0077ADFD83,5/10/2018,2018,92,90,Spring,,,Unaged,,
3DD.0077B41AE7,5/17/2018,2018,92,90,Spring,,,Unaged,,
3DD.0077B45FBA,5/19/2018,2018,92,90,Spring,,,Unaged,,
3DD.00778CD96F,4/29/2018,2018,93,90,Spring,,,Unaged,,
3DD.00778CDEB2,4/30/2018,2018,93,90,Spring,18-67475,1:0,Aged,1,
3DD.00778CCA69,5/6/2018,2018,93,90,Spring,,,Unaged,,
3DD.0077802269,5/7/2018,2018,93,90,Spring,,,Unaged,,
3DD.0077AE4399,5/8/2018,2018,93,90,Spring,,,Unaged,,
3DD.0077AE9A07,5/10/2018,2018,93,90,Spring,18-67502,1:0,Aged,1,
3DD.0077AE530A,5/13/2018,2018,93,90,Spring,,,Unaged,,
3DD.0077B3F543,5/19/2018,2018,93,90,Spring,,,Unaged,,
3DD.0077B484CD,5/22/2018,2018,93,90,Spring,18-67537,1:0,Aged,1,
3DD.00778CF0ED,4/26/2018,2018,94,90,Spring,,,Unaged,,
3DD.00778CE2B4,5/1/2018,2018,94,90,Spring,,,Unaged,,
3DD.00778C8A91,5/7/2018,2018,94,90,Spring,,,Unaged,,
3DD.0077AE85C2,5/14/2018,2018,94,90,Spring,,,Unaged,,
3DD.0077AE67CE,5/14/2018,2018,94,90,Spring,,,Unaged,,
3DD.0077AED1AF,5/14/2018,2018,94,90,Spring,,,Unaged,,
3DD.0077B454EA,5/17/2018,2018,94,90,Spring,,,Unaged,,
3DD.0077B40EB9,5/18/2018,2018,94,90,Spring,,,Unaged,,
3DD.0077B41D2E,5/19/2018,2018,94,90,Spring,,,Unaged,,
3DD.0077B4371B,5/21/2018,2018,94,90,Spring,,,Unaged,,
3DD.0077B41DEB,5/25/2018,2018,94,90,Spring,18-67541,1:0,Aged,1,
3DD.0077B44526,5/26/2018,2018,94,90,Spring,,,Unaged,,
3DD.00778C94FE,4/25/2018,2018,95,90,Spring,,,Unaged,,
3DD.00778C9C9F,4/30/2018,2018,95,90,Spring,,,Unaged,,
3DD.00778CAF3B,5/3/2018,2018,95,90,Spring,,,Unaged,,
3DD.00778C96F9,5/4/2018,2018,95,90,Spring,,,Unaged,,
3DD.00778CE81D,5/5/2018,2018,95,90,Spring,,,Unaged,,
3DD.0077ADD5C2,5/8/2018,2018,95,90,Spring,,,Unaged,,
3DD.0077ADC413,5/13/2018,2018,95,90,Spring,,,Unaged,,
3DD.0077AE6A83,5/14/2018,2018,95,90,Spring,,,Unaged,,
3DD.0077AE3EEF,5/14/2018,2018,95,90,Spring,,,Unaged,,
3DD.0077B41183,5/15/2018,2018,95,90,Spring,,,Unaged,,
3DD.0077B46CC7,5/16/2018,2018,95,90,Spring,,,Unaged,,
3DD.0077B4049C,5/18/2018,2018,95,90,Spring,,,Unaged,,
3DD.0077B40444,5/18/2018,2018,95,90,Spring,,,Unaged,,
3DD.0077B4EE2E,5/22/2018,2018,95,90,Spring,,,Unaged,,
3DD.0077B42CEC,5/25/2018,2018,95,90,Spring,,,Unaged,,
3DD.00778D15F3,4/22/2018,2018,96,90,Spring,,,Unaged,,
3DD.00778CA112,5/3/2018,2018,96,90,Spring,,,Unaged,,
3DD.00778CD600,5/4/2018,2018,96,90,Spring,,,Unaged,,
3DD.00778CC3D4,5/5/2018,2018,96,90,Spring,,,Unaged,,
3DD.00778057D5,5/6/2018,2018,96,90,Spring,,,Unaged,,
3DD.0077AE602D,5/8/2018,2018,96,90,Spring,18-67495,1:0,Aged,1,
3DD.0077ADFD7D,5/8/2018,2018,96,90,Spring,,,Unaged,,
3DD.0077AEAFB4,5/13/2018,2018,96,90,Spring,,,Unaged,,
3DD.0077B429F7,5/15/2018,2018,96,90,Spring,,,Unaged,,
3DD.0077B462E9,5/15/2018,2018,96,90,Spring,,,Unaged,,
3DD.0077B4470D,5/16/2018,2018,96,90,Spring,,,Unaged,,
3DD.0077B46FEE,5/21/2018,2018,96,90,Spring,,,Unaged,,
3DD.0077B47B82,5/23/2018,2018,96,90,Spring,,,Unaged,,
3DD.0077800F30,4/27/2018,2018,97,90,Spring,,,Unaged,,
3DD.00778CA0AE,4/30/2018,2018,97,90,Spring,,,Unaged,,
3DD.00778CCC97,4/30/2018,2018,97,90,Spring,18-67476,1:0,Aged,1,
3DD.00778CD8CB,5/1/2018,2018,97,90,Spring,,,Unaged,,
3DD.0077804DC0,5/4/2018,2018,97,90,Spring,18-67484,1:0,Aged,1,
3DD.00778CB0F6,5/5/2018,2018,97,90,Spring,18-67485,1:0,Aged,1,
3DD.00778C9C5B,5/5/2018,2018,97,90,Spring,,,Unaged,,
3DD.00778D18CA,5/6/2018,2018,97,90,Spring,18-67491,1:0,Aged,1,
3DD.00778C965E,5/6/2018,2018,97,90,Spring,,,Unaged,,
3DD.00778CAD9B,5/7/2018,2018,97,90,Spring,,,Unaged,,
3DD.00778CF1DA,5/7/2018,2018,97,90,Spring,,,Unaged,,
3DD.00778D14D6,5/7/2018,2018,97,90,Spring,,,Unaged,,
3DD.00778CA4D8,5/7/2018,2018,97,90,Spring,,,Unaged,,
3DD.0077B690CB,5/10/2018,2018,97,90,Spring,,,Unaged,,
3DD.0077B3FA60,5/15/2018,2018,97,90,Spring,18-67519,1:0,Aged,1,
3DD.0077B3FA63,5/15/2018,2018,97,90,Spring,,,Unaged,,
3DD.0077B3F4BB,5/17/2018,2018,97,90,Spring,18-67526,1:0,Aged,1,
3DD.0077B52992,5/17/2018,2018,97,90,Spring,,,Unaged,,
3DD.0077B47877,5/18/2018,2018,97,90,Spring,,,Unaged,,
3DD.0077B44481,5/19/2018,2018,97,90,Spring,18-67533,1:0,Aged,1,
3DD.00778D1C51,5/6/2018,2018,98,90,Spring,,,Unaged,,
3DD.0077ADF26C,5/14/2018,2018,98,90,Spring,,,Unaged,,
3DD.0077AE1223,5/14/2018,2018,98,90,Spring,,,Unaged,,
3DD.0077B41EBF,5/16/2018,2018,98,90,Spring,18-67522,1:0,Aged,1,
3DD.0077B4F869,5/17/2018,2018,98,90,Spring,,,Unaged,,
3DD.0077B50A36,5/23/2018,2018,98,90,Spring,,,Unaged,,
3DD.00778CC70C,4/23/2018,2018,99,90,Spring,,,Unaged,,
3DD.00778CA8A8,4/30/2018,2018,99,90,Spring,,,Unaged,,
3DD.0077AED0D7,5/9/2018,2018,99,90,Spring,,,Unaged,,
3DD.0077AEDCD0,5/10/2018,2018,99,90,Spring,,,Unaged,,
3DD.0077AEC83A,5/11/2018,2018,99,90,Spring,,,Unaged,,
3DD.0077AE448B,5/12/2018,2018,99,90,Spring,,,Unaged,,
3DD.0077AEE94D,5/12/2018,2018,99,90,Spring,18-67505,1:0,Aged,1,
3DD.0077B46ED3,5/17/2018,2018,99,90,Spring,,,Unaged,,
3DD.0077B3FC51,5/17/2018,2018,99,90,Spring,18-67527,1:0,Aged,1,
3DD.0077B43941,5/17/2018,2018,99,90,Spring,,,Unaged,,
3DD.0077B483C9,5/18/2018,2018,99,90,Spring,,,Unaged,,
3DD.0077B41E0D,5/19/2018,2018,99,90,Spring,,,Unaged,,
3DD.0077B455E6,5/22/2018,2018,99,90,Spring,,,Unaged,,
3DD.0077804B26,4/26/2018,2018,100,100,Spring,,,Unaged,,
3DD.00778C9704,5/1/2018,2018,100,100,Spring,,,Unaged,,
3DD.0077AEE81A,5/9/2018,2018,100,100,Spring,,,Unaged,,
3DD.0077ADFC93,5/12/2018,2018,100,100,Spring,,,Unaged,,
3DD.0077AE9584,5/13/2018,2018,100,100,Spring,,,Unaged,,
3DD.0077B6004A,5/13/2018,2018,100,100,Spring,18-67511,1:0,Aged,1,
3DD.0077AE152F,5/15/2018,2018,100,100,Spring,,,Unaged,,
3DD.0077B41D62,5/15/2018,2018,100,100,Spring,18-67521,1:0,Aged,1,
3DD.0077B4B93F,5/21/2018,2018,100,100,Spring,18-67534,1:0,Aged,1,
3DD.0077B4527A,5/21/2018,2018,100,100,Spring,18-67536,1:0,Aged,1,
3DD.0077B4793D,5/23/2018,2018,100,100,Spring,,,Unaged,,
3DD.0077B43C43,5/24/2018,2018,100,100,Spring,,,Unaged,,
3DD.00778D15A7,5/3/2018,2018,101,100,Spring,,,Unaged,,
3DD.00778D22CB,5/6/2018,2018,101,100,Spring,,,Unaged,,
3DD.00778C9888,5/7/2018,2018,101,100,Spring,,,Unaged,,
3DD.00778CBE02,5/8/2018,2018,101,100,Spring,,,Unaged,,
3DD.0077AE7939,5/10/2018,2018,101,100,Spring,,,Unaged,,
3DD.0077AED1A1,5/14/2018,2018,101,100,Spring,18-67513,1:0,Aged,1,
3DD.0077B4FC71,5/18/2018,2018,101,100,Spring,18-67531,1:0,Aged,1,
3DD.0077B41F1E,5/21/2018,2018,101,100,Spring,,,Unaged,,
3DD.00778C98F1,3/31/2018,2018,102,100,Spring,,,Unaged,,
3DD.00778C92B2,4/23/2018,2018,102,100,Spring,,,Unaged,,
3DD.00778CCBF0,5/5/2018,2018,102,100,Spring,,,Unaged,,
3DD.00778CA0E3,5/6/2018,2018,102,100,Spring,,,Unaged,,
3DD.00778CA445,5/7/2018,2018,102,100,Spring,,,Unaged,,
3DD.0077AE7F0F,5/11/2018,2018,102,100,Spring,,,Unaged,,
3DD.0077AE06DD,5/12/2018,2018,102,100,Spring,,,Unaged,,
3DD.0077B4FC31,5/17/2018,2018,102,100,Spring,,,Unaged,,
3DD.0077B46D14,5/21/2018,2018,102,100,Spring,,,Unaged,,
3DD.0077B4EC1B,5/23/2018,2018,102,100,Spring,,,Unaged,,
3DD.0077B405BC,5/31/2018,2018,102,100,Spring,,,Unaged,,
3DD.00778D1BB5,5/2/2018,2018,103,100,Spring,,,Unaged,,
3DD.00778CFCC0,5/7/2018,2018,103,100,Spring,18-67493,1:0,Aged,1,
3DD.0077ADEF56,5/11/2018,2018,103,100,Spring,,,Unaged,,
3DD.0077AE8795,5/14/2018,2018,103,100,Spring,,,Unaged,,
3DD.0077B4ED07,5/15/2018,2018,103,100,Spring,18-67518,1:0,Aged,1,
3DD.0077B4553B,5/15/2018,2018,103,100,Spring,,,Unaged,,
3DD.0077B41F76,5/15/2018,2018,103,100,Spring,,,Unaged,,
3DD.0077B46C53,5/17/2018,2018,103,100,Spring,,,Unaged,,
3DD.0077B3FBAF,5/18/2018,2018,103,100,Spring,,,Unaged,,
3DD.0077B46FCA,5/31/2018,2018,103,100,Spring,18-67543,1:0,Aged,1,
3DD.00778D0719,4/21/2018,2018,104,100,Spring,,,Unaged,,
3DD.00778CCC90,5/2/2018,2018,104,100,Spring,18-67480,1:0,Aged,1,
3DD.00778D1F77,5/4/2018,2018,104,100,Spring,,,Unaged,,
3DD.00778C960B,5/7/2018,2018,104,100,Spring,,,Unaged,,
3DD.0077B64B68,5/11/2018,2018,104,100,Spring,,,Unaged,,
3DD.0077B625B6,5/12/2018,2018,104,100,Spring,,,Unaged,,
3DD.0077ADC588,5/13/2018,2018,104,100,Spring,,,Unaged,,
3DD.0077B5DC9A,5/13/2018,2018,104,100,Spring,18-67509,1:0,Aged,1,
3DD.0077AE227B,5/13/2018,2018,104,100,Spring,,,Unaged,,
3DD.0077B436CF,5/21/2018,2018,104,100,Spring,,,Unaged,,
3DD.0077B47A1A,5/23/2018,2018,104,100,Spring,18-67538,1:0,Aged,1,
3DD.0077B4196B,5/23/2018,2018,104,100,Spring,,,Unaged,,
3DD.0077B4ECF2,5/25/2018,2018,104,100,Spring,18-67542,1:0,Aged,1,
3DD.00778CBF3B,5/4/2018,2018,105,100,Spring,,,Unaged,,
3DD.0077BC9978,5/14/2018,2018,105,100,Spring,,,Unaged,,
3DD.0077B4794C,5/15/2018,2018,105,100,Spring,,,Unaged,,
3DD.0077B4050D,5/17/2018,2018,105,100,Spring,,,Unaged,,
3DD.0077B43775,5/26/2018,2018,105,100,Spring,,,Unaged,,
3DD.00778C9076,4/24/2018,2018,106,100,Spring,,,Unaged,,
3DD.0077ADE7A1,5/9/2018,2018,106,100,Spring,,,Unaged,,
3DD.0077ADF403,5/12/2018,2018,106,100,Spring,,,Unaged,,
3DD.0077B484C0,5/18/2018,2018,106,100,Spring,18-67532,1:0,Aged,1,
3DD.0077B45153,5/19/2018,2018,106,100,Spring,,,Unaged,,
3DD.00778081F1,5/7/2018,2018,107,100,Spring,,,Unaged,,
3DD.0077B47940,5/17/2018,2018,107,100,Spring,,,Unaged,,
3DD.0077B46093,5/19/2018,2018,108,100,Spring,,,Unaged,,
3DD.0077B40599,5/21/2018,2018,108,100,Spring,18-67535,1:0,Aged,1,
3DD.0077B4C43C,5/23/2018,2018,108,100,Spring,,,Unaged,,
3DD.0077B44421,5/24/2018,2018,108,100,Spring,,,Unaged,,
3DD.0077B6620E,5/8/2018,2018,109,100,Spring,,,Unaged,,
3DD.0077AE91EB,5/11/2018,2018,109,100,Spring,18-67504,1:0,Aged,1,
3DD.0077ADD1A6,5/13/2018,2018,109,100,Spring,18-67508,1:0,Aged,1,
3DD.0077B4514A,5/22/2018,2018,109,100,Spring,,,Unaged,,
3DD.0077B46CF4,5/26/2018,2018,109,100,Spring,,,Unaged,,
3DD.0077B41DE8,6/1/2018,2018,109,100,Spring,18-67544,1:0,Aged,1,
3DD.00778CCC12,4/23/2018,2018,110,110,Spring,,,Unaged,,
3DD.00778C9D03,5/6/2018,2018,110,110,Spring,,,Unaged,,
3DD.0077AE8DB0,5/9/2018,2018,110,110,Spring,,,Unaged,,
3DD.0077AEB04B,5/10/2018,2018,110,110,Spring,,,Unaged,,
3DD.0077AE6318,5/13/2018,2018,110,110,Spring,,,Unaged,,
3DD.0077ADE03C,5/12/2018,2018,111,110,Spring,,,Unaged,,
3DD.0077B4EE6A,5/15/2018,2018,111,110,Spring,,,Unaged,,
3DD.0077B4D221,5/17/2018,2018,111,110,Spring,,,Unaged,,
3DD.0077B4556A,5/18/2018,2018,111,110,Spring,,,Unaged,,
3DD.0077ADB98B,5/10/2018,2018,112,110,Spring,,,Unaged,,
3DD.0077B4118B,5/17/2018,2018,112,110,Spring,,,Unaged,,
3DD.0077B46FAA,5/21/2018,2018,113,110,Spring,,,Unaged,,
3DD.0077B440F8,5/21/2018,2018,113,110,Spring,,,Unaged,,
3DD.0077B607A2,5/14/2018,2018,114,110,Spring,,,Unaged,,
3DD.0077AED17F,5/10/2018,2018,115,110,Spring,18-67501,2:0,Aged,2,
3DD.0077B3FACF,5/23/2018,2018,117,110,Spring,18-67539,1:0,Aged,1,
3DD.0077B47B5C,5/23/2018,2018,117,110,Spring,,,Unaged,,
3DD.0077B4C6CD,5/19/2018,2018,118,110,Spring,,,Unaged,,
3DD.00776F1830,3/13/2018,2018,119,110,Spring,,,Unaged,,
3DD.0077808FB7,3/25/2018,2018,119,110,Spring,,,Unaged,,
3DD.00778D2262,4/6/2018,2018,119,110,Spring,,,Unaged,,
3DD.00778CCBFE,5/5/2018,2018,119,110,Spring,,,Unaged,,
3DD.00778CD8C4,5/6/2018,2018,119,110,Spring,,,Unaged,,
3DD.0077B452D3,5/24/2018,2018,120,120,Spring,,,Unaged,,
3DD.00778CCC01,5/6/2018,2018,122,120,Spring,,,Unaged,,
3DD.0077B447CE,5/21/2018,2018,122,120,Spring,,,Unaged,,
3DD.0077B4041A,5/23/2018,2018,122,120,Spring,,,Unaged,,
3DD.0077B48299,5/31/2018,2018,122,120,Spring,,,Unaged,,
3DD.0077B4CEA4,11/2/2018,2018,122,120,Fall,18-67545,1:0,Aged,1,
3DD.007770E06E,3/22/2018,2018,123,120,Spring,18-67455,2:0,Aged,2,
3DD.00778CAEC1,4/28/2018,2018,123,120,Spring,18-67472,2:0,Aged,2,
3DD.00778057D9,4/20/2018,2018,124,120,Spring,,,Unaged,,
3DD.00778CDE41,3/31/2018,2018,127,120,Spring,,,Unaged,,
3DD.0077B3FC56,5/15/2018,2018,129,120,Spring,,,Unaged,,
3DD.0077B45034,5/25/2018,2018,129,120,Spring,,,Unaged,,
3DD.0077B51DDF,11/6/2018,2018,129,120,Fall,18-67546,1:0,Aged,1,
3DD.00778D20E4,4/5/2018,2018,130,130,Spring,18-67460,2:0,Aged,2,
3DD.0077B438B1,5/16/2018,2018,130,130,Spring,,,Unaged,,
3DD.00778C94DD,4/24/2018,2018,131,130,Spring,18-67468,2:0,Aged,2,
3DD.00776F3463,3/16/2018,2018,132,130,Spring,,,Unaged,,
3DD.00778CFE96,4/29/2018,2018,132,130,Spring,,,Unaged,,
3DD.00778CD6F0,4/18/2018,2018,133,130,Spring,,,Unaged,,
3DD.00778CA43F,5/2/2018,2018,133,130,Spring,,,Unaged,,
3DD.00776F423B,3/14/2018,2018,134,130,Spring,18-67452,2:0,Aged,2,
3DD.0077706A17,3/14/2018,2018,134,130,Spring,,,Unaged,,
3DD.00776FDD6D,3/17/2018,2018,135,130,Spring,,,Unaged,,
3DD.00778CA8F1,4/22/2018,2018,135,130,Spring,,,Unaged,,
3DD.00778C8ABA,4/29/2018,2018,135,130,Spring,,,Unaged,,
3DD.00778C9D14,5/7/2018,2018,135,130,Spring,,,Unaged,,
3DD.00778098EB,5/7/2018,2018,135,130,Spring,,,Unaged,,
3DD.0077B5EE08,5/15/2018,2018,135,130,Spring,,,Unaged,,
3DD.007770369E,3/17/2018,2018,136,130,Spring,18-67454,2:0,Aged,2,
3DD.00778CD644,4/2/2018,2018,137,130,Spring,18-67459,2:0,Aged,2,
3DD.00778068CF,4/30/2018,2018,137,130,Spring,,,Unaged,,
3DD.00778CC912,5/4/2018,2018,137,130,Spring,,,Unaged,,
3DD.00778CBBCE,5/6/2018,2018,137,130,Spring,,,Unaged,,
3DD.00776EF568,3/19/2018,2018,138,130,Spring,,,Unaged,,
3DD.0077804DBC,4/19/2018,2018,138,130,Spring,,,Unaged,,
3DD.00776EED4D,3/15/2018,2018,139,130,Spring,,,Unaged,,
3DD.0077708F15,3/22/2018,2018,139,130,Spring,,,Unaged,,
3DD.00778C996F,4/21/2018,2018,139,130,Spring,18-67463,2:0,Aged,2,
3DD.0077B4BA65,11/8/2018,2018,139,130,Fall,,,Unaged,,
3DD.00778CD499,5/2/2018,2018,140,140,Spring,18-67479,2:0,Aged,2,
3DD.00776EC055,3/17/2018,2018,141,140,Spring,,,Unaged,,
3DD.00778CB135,5/6/2018,2018,141,140,Spring,,,Unaged,,
3DD.0077AE587A,5/15/2018,2018,141,140,Spring,,,Unaged,,
3DD.0077807782,4/2/2018,2018,142,140,Spring,,,Unaged,,
3DD.0077ADB32D,5/8/2018,2018,142,140,Spring,,,Unaged,,
3DD.007780667D,5/2/2018,2018,143,140,Spring,,,Unaged,,
3DD.007780229F,5/6/2018,2018,143,140,Spring,18-67489,2:0,Aged,2,
3DD.0077B4F9D7,5/22/2018,2018,143,140,Spring,,,Unaged,,
3DD.00778CA3E4,4/23/2018,2018,144,140,Spring,,,Unaged,,
3DD.00778D0F11,5/2/2018,2018,144,140,Spring,,,Unaged,,
3DD.0077B41F19,5/25/2018,2018,144,140,Spring,,,Unaged,,
3DD.00776F0D00,3/18/2018,2018,145,140,Spring,,,Unaged,,
3DD.0077801943,4/13/2018,2018,145,140,Spring,,,Unaged,,
3DD.0077800E71,4/20/2018,2018,145,140,Spring,,,Unaged,,
3DD.00778C92A6,4/23/2018,2018,145,140,Spring,18-67466,2:0,Aged,2,
3DD.00778016E6,3/28/2018,2018,146,140,Spring,18-67456,2:0,Aged,2,
3DD.0077B439A6,5/24/2018,2018,146,140,Spring,,,Unaged,,
3DD.007780991D,4/1/2018,2018,148,140,Spring,,,Unaged,,
3DD.0077809FF5,5/1/2018,2018,148,140,Spring,18-67478,3:0,Aged,3,
3DD.0077AE03BC,5/8/2018,2018,148,140,Spring,,,Unaged,,
3DD.0077B444D5,5/18/2018,2018,149,140,Spring,18-67530,2:0,Aged,2,
3DD.00778D2176,3/28/2018,2018,150,150,Spring,,,Unaged,,
3DD.00778D2301,4/24/2018,2018,150,150,Spring,,,Unaged,,
3DD.0077AE361B,5/8/2018,2018,150,150,Spring,,,Unaged,,
3DD.00778CB59E,4/2/2018,2018,151,150,Spring,,,Unaged,,
3DD.003BCB0044,3/12/2018,2018,152,150,Spring,,,Unaged,,
3DD.00778CED47,4/12/2018,2018,152,150,Spring,,,Unaged,,
3DD.0077AE32F8,5/12/2018,2018,152,150,Spring,,,Unaged,,
3DD.00778CD408,4/4/2018,2018,153,150,Spring,,,Unaged,,
3DD.00778CBED7,4/22/2018,2018,153,150,Spring,18-67464,2:0,Aged,2,
3DD.00778CB682,4/29/2018,2018,153,150,Spring,,,Unaged,,
3DD.0077AEB4F5,5/12/2018,2018,153,150,Spring,18-67506,2:0,Aged,2,
3DD.00778CC5C8,4/21/2018,2018,154,150,Spring,,,Unaged,,
3DD.0077B4342C,5/22/2018,2018,154,150,Spring,,,Unaged,,
3DD.00778CB00F,4/1/2018,2018,155,150,Spring,,,Unaged,,
3DD.00778D2274,4/24/2018,2018,155,150,Spring,,,Unaged,,
3DD.00778CCBF9,4/29/2018,2018,155,150,Spring,,,Unaged,,
3DD.00778C8B86,4/30/2018,2018,155,150,Spring,,,Unaged,,
3DD.0077B4B864,11/6/2018,2018,155,150,Fall,18-67548,1:0,Aged,1,
3DD.00778CF0A4,4/19/2018,2018,156,150,Spring,18-67462,2:0,Aged,2,
3DD.00778C9D23,4/23/2018,2018,156,150,Spring,,,Unaged,,
3DD.00778C962F,5/5/2018,2018,156,150,Spring,18-67486,2:0,Aged,2,
3DD.00778CCB10,5/5/2018,2018,157,150,Spring,,,Unaged,,
3DD.00778D2114,4/20/2018,2018,158,150,Spring,,,Unaged,,
3DD.0077804ACC,4/22/2018,2018,158,150,Spring,,,Unaged,,
3DD.00778CF3F9,4/23/2018,2018,158,150,Spring,,,Unaged,,
3DD.00778CE85B,5/2/2018,2018,158,150,Spring,,,Unaged,,
3DD.0077802F36,5/5/2018,2018,158,150,Spring,18-67487,2:0,Aged,2,
3DD.00778CF514,3/30/2018,2018,159,150,Spring,18-67457,2:0,Aged,2,
3DD.00778D2254,4/28/2018,2018,159,150,Spring,,,Unaged,,
3DD.00778CD3C6,5/4/2018,2018,159,150,Spring,,,Unaged,,
3DD.0077ADB70F,5/13/2018,2018,159,150,Spring,,,Unaged,,
3DD.0077805BF3,4/6/2018,2018,160,160,Spring,,,Unaged,,
3DD.00778032C0,5/7/2018,2018,160,160,Spring,18-67494,2:0,Aged,2,
3DD.0077B3FA0E,5/23/2018,2018,160,160,Spring,18-67540,2:0,Aged,2,
3DD.00778024DF,4/23/2018,2018,161,160,Spring,,,Unaged,,
3DD.0077802284,5/2/2018,2018,162,160,Spring,,,Unaged,,
3DD.0077800E90,5/4/2018,2018,162,160,Spring,18-67483,2:0,Aged,2,
3DD.0077AE0456,5/11/2018,2018,162,160,Spring,18-67503,2:0,Aged,2,
3DD.0077B463AA,5/17/2018,2018,163,160,Spring,18-67525,2:0,Aged,2,
3DD.007770910D,3/22/2018,2018,164,160,Spring,,,Unaged,,
3DD.00778D1365,4/20/2018,2018,164,160,Spring,,,Unaged,,
3DD.00778D23D1,4/24/2018,2018,165,160,Spring,,,Unaged,,
3DD.00778CCA43,4/27/2018,2018,165,160,Spring,18-67471,2:0,Aged,2,
3DD.0077AEBDDE,5/9/2018,2018,165,160,Spring,,,Unaged,,
3DD.00778CDFBC,4/29/2018,2018,166,160,Spring,,,Unaged,,
3DD.0077804DC6,4/29/2018,2018,167,160,Spring,,,Unaged,,
3DD.00778CBB87,5/5/2018,2018,167,160,Spring,,,Unaged,,
3DD.00778CAEF0,3/31/2018,2018,168,160,Spring,,,Unaged,,
3DD.00778D09DB,4/15/2018,2018,168,160,Spring,,,Unaged,,
3DD.0077AE6A75,5/8/2018,2018,168,160,Spring,18-67497,2:0,Aged,2,
3DD.00778016E3,4/1/2018,2018,170,170,Spring,,,Unaged,,
3DD.00778D15E9,4/15/2018,2018,170,170,Spring,,,Unaged,,
3DD.0077805817,4/29/2018,2018,170,170,Spring,,,Unaged,,
3DD.0077AE7343,5/9/2018,2018,170,170,Spring,,,Unaged,,
3DD.0077808271,4/1/2018,2018,172,170,Spring,,,Unaged,,
3DD.00778C9871,5/2/2018,2018,172,170,Spring,,,Unaged,,
3DD.00778CACF7,5/3/2018,2018,172,170,Spring,,,Unaged,,
3DD.00778CD63E,5/2/2018,2018,174,170,Spring,,,Unaged,,
3DD.00778CAF19,5/3/2018,2018,175,170,Spring,,,Unaged,,
3DD.00778D08F0,5/6/2018,2018,175,170,Spring,,,Unaged,,
3DD.0077B41FA4,5/18/2018,2018,178,170,Spring,18-67529,2:0,Aged,2,
3DD.00778D138E,5/1/2018,2018,179,170,Spring,,,Unaged,,
3DD.00778D0E2A,3/29/2018,2018,181,180,Spring,,,Unaged,,
3DD.00778CD648,4/27/2018,2018,189,180,Spring,,,Unaged,,
3DD.0077AE9162,5/15/2018,2018,195,190,Spring,18-67517,2:0,Aged,2,
3DD.00778CE23A,4/4/2018,2018,196,190,Spring,,,Unaged,,
3DD.0077B26FC7,3/30/2019,2019,80,80,Spring,19-67452,1:0,Aged,1,
3DD.0077B0C66B,4/4/2019,2019,80,80,Spring,,,Unaged,,
3DD.0077B07D7E,5/3/2019,2019,80,80,Spring,,,Unaged,,
3DD.0077AF9F66,4/15/2019,2019,82,80,Spring,,,Unaged,,
3DD.0077B158AC,4/28/2019,2019,83,80,Spring,,,Unaged,,
3DD.0077B0FEDE,4/29/2019,2019,83,80,Spring,,,Unaged,,
3DD.0077B0338E,5/2/2019,2019,83,80,Spring,,,Unaged,,
3DD.0077B2A640,4/19/2019,2019,84,80,Spring,,,Unaged,,
3DD.0077B15C2F,4/20/2019,2019,84,80,Spring,,,Unaged,,
3DD.0077B131D1,4/26/2019,2019,84,80,Spring,,,Unaged,,
3DD.0077B05972,4/2/2019,2019,85,80,Spring,,,Unaged,,
3DD.0077B11862,4/24/2019,2019,85,80,Spring,,,Unaged,,
3DD.0077B0C956,4/27/2019,2019,85,80,Spring,19-67474,1:0,Aged,1,
3DD.0077B136EE,4/30/2019,2019,85,80,Spring,,,Unaged,,
3DD.0077B03B7B,5/1/2019,2019,85,80,Spring,,,Unaged,,
3DD.0077B10AFD,5/1/2019,2019,85,80,Spring,,,Unaged,,
3DD.0077B0634B,5/5/2019,2019,85,80,Spring,,,Unaged,,
3DD.0077B2C4BC,5/8/2019,2019,85,80,Spring,,,Unaged,,
3DD.0077B114D3,4/19/2019,2019,86,80,Spring,,,Unaged,,
3DD.0077B16C7E,4/22/2019,2019,86,80,Spring,,,Unaged,,
3DD.0077B142EE,4/18/2019,2019,87,80,Spring,,,Unaged,,
3DD.0077B10B35,4/28/2019,2019,87,80,Spring,19-67476,1:0,Aged,1,
3DD.0077B213F3,4/30/2019,2019,87,80,Spring,,,Unaged,,
3DD.0077B0BFAD,5/3/2019,2019,87,80,Spring,,,Unaged,,
3DD.0077B1081E,5/6/2019,2019,87,80,Spring,,,Unaged,,
3DD.0077B2DD16,4/30/2019,2019,88,80,Spring,,,Unaged,,
3DD.0077B2A567,5/6/2019,2019,88,80,Spring,,,Unaged,,
3DD.0077B0810F,4/1/2019,2019,89,80,Spring,,,Unaged,,
3DD.0077B0C91F,4/27/2019,2019,89,80,Spring,,,Unaged,,
3DD.0077B12FD5,4/29/2019,2019,89,80,Spring,19-67477,1:0,Aged,1,
3DD.0077B132DC,5/3/2019,2019,89,80,Spring,19-67482,1:0,Aged,1,
3DD.0077B06BF4,5/4/2019,2019,89,80,Spring,,,Unaged,,
3DD.0077AFED58,5/4/2019,2019,89,80,Spring,,,Unaged,,
3DD.0077B086D0,5/8/2019,2019,89,80,Spring,,,Unaged,,
3DD.0077B0956F,4/23/2019,2019,90,90,Spring,,,Unaged,,
3DD.0077B060D4,4/23/2019,2019,90,90,Spring,,,Unaged,,
3DD.0077B2A093,4/24/2019,2019,90,90,Spring,,,Unaged,,
3DD.0077B2222B,4/25/2019,2019,90,90,Spring,,,Unaged,,
3DD.0077B16C31,4/30/2019,2019,90,90,Spring,,,Unaged,,
3DD.0077B32007,5/5/2019,2019,90,90,Spring,,,Unaged,,
3DD.0077B12501,4/21/2019,2019,91,90,Spring,,,Unaged,,
3DD.0077B125AA,4/26/2019,2019,91,90,Spring,,,Unaged,,
3DD.0077B24ECF,5/4/2019,2019,91,90,Spring,,,Unaged,,
3DD.0077B30416,5/5/2019,2019,91,90,Spring,,,Unaged,,
3DD.0077B0467D,5/8/2019,2019,91,90,Spring,,,Unaged,,
3DD.0077B06DC8,4/30/2019,2019,92,90,Spring,,,Unaged,,
3DD.0077B14D44,5/1/2019,2019,92,90,Spring,19-67480,1:0,Aged,1,
3DD.0077B0E442,5/9/2019,2019,92,90,Spring,,,Unaged,,
3DD.0077B165EF,6/5/2019,2019,92,90,Spring,19-67511,1:0,Aged,1,
3DD.0077B11762,4/20/2019,2019,93,90,Spring,19-67463,1:0,Aged,1,
3DD.0077B28AA6,4/30/2019,2019,93,90,Spring,,,Unaged,,
3DD.0077B0A496,5/4/2019,2019,93,90,Spring,,,Unaged,,
3DD.0077B064F7,5/4/2019,2019,93,90,Spring,,,Unaged,,
3DD.0077B26DBA,5/31/2019,2019,93,90,Spring,19-67506,1:0,Aged,1,
3DD.0077B14C5C,4/24/2019,2019,94,90,Spring,,,Unaged,,
3DD.0077B05F5E,4/30/2019,2019,94,90,Spring,19-67479,1:0,Aged,1,
3DD.0077B2158E,5/1/2019,2019,94,90,Spring,,,Unaged,,
3DD.0077B131D4,5/2/2019,2019,94,90,Spring,,,Unaged,,
3DD.0077B14062,5/22/2019,2019,94,90,Spring,19-67498,1:0,Aged,1,
3DD.0077B27646,5/31/2019,2019,94,90,Spring,19-67505,1:0,Aged,1,
3DD.0077B278FC,4/24/2019,2019,95,90,Spring,,,Unaged,,
3DD.0077B06348,4/30/2019,2019,95,90,Spring,,,Unaged,,
3DD.0077B0D4ED,3/30/2019,2019,96,90,Spring,,,Unaged,,
3DD.0077B0C885,4/20/2019,2019,97,90,Spring,,,Unaged,,
3DD.0077B03726,4/16/2019,2019,98,90,Spring,,,Unaged,,
3DD.0077B0B5AE,5/9/2019,2019,98,90,Spring,,,Unaged,,
3DD.0077AFFB32,5/5/2019,2019,100,100,Spring,,,Unaged,,
3DD.0077B0B728,5/7/2019,2019,100,100,Spring,,,Unaged,,
3DD.0077B06D11,5/9/2019,2019,100,100,Spring,,,Unaged,,
3DD.0077B28698,4/30/2019,2019,101,100,Spring,,,Unaged,,
3DD.0077AFDB7B,5/7/2019,2019,101,100,Spring,19-67491,1:0,Aged,1,
3DD.0077B14CD2,4/3/2019,2019,102,100,Spring,19-67455,1:0,Aged,1,
3DD.0077B127F3,5/5/2019,2019,102,100,Spring,,,Unaged,,
3DD.0077B1263D,5/9/2019,2019,102,100,Spring,,,Unaged,,
3DD.0077B0C6D3,5/9/2019,2019,102,100,Spring,,,Unaged,,
3DD.0077B0C57C,5/31/2019,2019,102,100,Spring,19-67507,1:0,Aged,1,
3DD.0077B04604,4/30/2019,2019,103,100,Spring,19-67478,1:0,Aged,1,
3DD.0077B05379,5/27/2019,2019,103,100,Spring,19-67502,1:0,Aged,1,
3DD.0077B1673F,4/26/2019,2019,104,100,Spring,19-67472,1:0,Aged,1,
3DD.0077B06751,4/24/2019,2019,105,100,Spring,,,Unaged,,
3DD.0077B131BD,4/30/2019,2019,105,100,Spring,,,Unaged,,
3DD.0077B13FD7,5/4/2019,2019,105,100,Spring,19-67486,1:0,Aged,1,
3DD.0077B343CB,5/24/2019,2019,105,100,Spring,19-67500,1:0,Aged,1,
3DD.0077AFECA3,4/29/2019,2019,106,100,Spring,,,Unaged,,
3DD.0077B04D80,5/4/2019,2019,106,100,Spring,,,Unaged,,
3DD.0077B0DB19,5/4/2019,2019,107,100,Spring,,,Unaged,,
3DD.0077B14E90,5/6/2019,2019,107,100,Spring,,,Unaged,,
3DD.0077B2DD15,5/22/2019,2019,107,100,Spring,19-67497,1:0,Aged,1,
3DD.0077B10B0E,5/2/2019,2019,108,100,Spring,,,Unaged,,
3DD.0077B14E30,5/6/2019,2019,108,100,Spring,,,Unaged,,
3DD.0077B14D4F,5/6/2019,2019,108,100,Spring,,,Unaged,,
3DD.0077B06272,6/4/2019,2019,108,100,Spring,19-67510,1:0,Aged,1,
3DD.0077AFB44E,5/4/2019,2019,109,100,Spring,,,Unaged,,
3DD.0077B0E6B0,5/11/2019,2019,109,100,Spring,,,Unaged,,
3DD.0077B08EC5,5/1/2019,2019,110,110,Spring,,,Unaged,,
3DD.0077B16BA3,5/5/2019,2019,110,110,Spring,19-67488,1:0,Aged,1,
3DD.0077B2EBC4,5/25/2019,2019,110,110,Spring,19-67501,2:0,Aged,2,
3DD.0077B0FBB8,5/4/2019,2019,111,110,Spring,,,Unaged,,
3DD.0077B16B2A,5/5/2019,2019,113,110,Spring,,,Unaged,,
3DD.0077B0ECC7,5/6/2019,2019,113,110,Spring,,,Unaged,,
3DD.0077B23628,5/6/2019,2019,114,110,Spring,,,Unaged,,
3DD.0077B0B085,5/6/2019,2019,116,110,Spring,,,Unaged,,
3DD.0077B086F1,5/12/2019,2019,118,110,Spring,,,Unaged,,
3DD.0077B034C3,5/30/2019,2019,118,110,Spring,,,Unaged,,
3DD.0077B14F4C,4/19/2019,2019,121,120,Spring,,,Unaged,,
3DD.0077AF9D88,4/3/2019,2019,122,120,Spring,,,Unaged,,
3DD.0077B08380,4/18/2019,2019,123,120,Spring,19-67460,2:0,Aged,2,
3DD.0077B24067,5/22/2019,2019,126,120,Spring,19-67496,1:0,Aged,1,
3DD.0077B0D99F,5/3/2019,2019,131,130,Spring,,,Unaged,,
3DD.0077B11912,3/28/2019,2019,132,130,Spring,,,Unaged,,
3DD.0077B285B6,5/3/2019,2019,132,130,Spring,,,Unaged,,
3DD.0077B123EB,4/22/2019,2019,133,130,Spring,19-67464,2:0,Aged,2,
3DD.0077B09030,3/31/2019,2019,134,130,Spring,19-67453,2:0,Aged,2,
3DD.0077B042A1,4/16/2019,2019,135,130,Spring,19-67458,2:0,Aged,2,
3DD.0077B0423C,4/22/2019,2019,135,130,Spring,,,Unaged,,
3DD.0077B0A88A,4/27/2019,2019,136,130,Spring,,,Unaged,,
3DD.0077B1430B,4/17/2019,2019,137,130,Spring,,,Unaged,,
3DD.0077B11B43,4/17/2019,2019,137,130,Spring,,,Unaged,,
3DD.0077B07180,4/22/2019,2019,137,130,Spring,,,Unaged,,
3DD.0077B0B396,4/17/2019,2019,138,130,Spring,,,Unaged,,
3DD.0077B09104,4/23/2019,2019,138,130,Spring,,,Unaged,,
3DD.0077B049B0,6/3/2019,2019,138,130,Spring,19-67508,1:0,Aged,1,
3DD.0077B0C8E7,3/31/2019,2019,139,130,Spring,,,Unaged,,
3DD.0077B10BEF,3/31/2019,2019,139,130,Spring,,,Unaged,,
3DD.0077B283E0,4/25/2019,2019,139,130,Spring,,,Unaged,,
3DD.0077B06703,4/27/2019,2019,139,130,Spring,,,Unaged,,
3DD.0077B26BE6,5/6/2019,2019,139,130,Spring,,,Unaged,,
3DD.0077B0C14F,5/5/2019,2019,140,140,Spring,,,Unaged,,
3DD.0077B0CA5F,4/15/2019,2019,141,140,Spring,19-67457,2:0,Aged,2,
3DD.0077B3226F,4/22/2019,2019,141,140,Spring,,,Unaged,,
3DD.0077B1340D,4/27/2019,2019,141,140,Spring,,,Unaged,,
3DD.0077AFA848,4/28/2019,2019,141,140,Spring,,,Unaged,,
3DD.0077B127F5,4/18/2019,2019,142,140,Spring,,,Unaged,,
3DD.0077B0C4BF,5/8/2019,2019,142,140,Spring,19-67492,2:0,Aged,2,
3DD.0077B31B85,5/28/2019,2019,142,140,Spring,19-67765,2:0,Aged,2,
3DD.0077B218AE,4/14/2019,2019,143,140,Spring,,,Unaged,,
3DD.0077AFC0E0,5/28/2019,2019,143,140,Spring,19-67504,2:0,Aged,2,
3DD.0077B05FCE,4/20/2019,2019,144,140,Spring,,,Unaged,,
3DD.0077B05F60,4/25/2019,2019,144,140,Spring,,,Unaged,,
3DD.0077B126FA,5/24/2019,2019,144,140,Spring,19-67499,2:0,Aged,2,
3DD.0077B123F0,5/28/2019,2019,144,140,Spring,19-67503,2:0,Aged,2,
3DD.0077B03512,4/15/2019,2019,145,140,Spring,,,Unaged,,
3DD.0077B15CE0,4/24/2019,2019,145,140,Spring,19-67467,2:0,Aged,2,
3DD.0077B2879E,4/24/2019,2019,145,140,Spring,,,Unaged,,
3DD.0077B2279B,4/24/2019,2019,145,140,Spring,,,Unaged,,
3DD.0077B10BB7,4/25/2019,2019,145,140,Spring,,,Unaged,,
3DD.0077B1092E,4/27/2019,2019,145,140,Spring,,,Unaged,,
3DD.0077B2A8CB,4/30/2019,2019,145,140,Spring,,,Unaged,,
3DD.0077B051CA,5/10/2019,2019,145,140,Spring,,,Unaged,,
3DD.0077B24E21,4/1/2019,2019,146,140,Spring,,,Unaged,,
3DD.0077B0334C,5/11/2019,2019,146,140,Spring,,,Unaged,,
3DD.0077B10B91,4/2/2019,2019,147,140,Spring,,,Unaged,,
3DD.0077B128CA,4/3/2019,2019,147,140,Spring,,,Unaged,,
3DD.0077B0368C,4/17/2019,2019,147,140,Spring,,,Unaged,,
3DD.0077B0A831,4/20/2019,2019,147,140,Spring,19-67462,2:0,Aged,2,
3DD.0077B04D86,5/1/2019,2019,147,140,Spring,19-67481,2:0,Aged,2,
3DD.0077B01D07,5/4/2019,2019,147,140,Spring,19-67485,2:0,Aged,2,
3DD.0077B162A9,4/20/2019,2019,148,140,Spring,,,Unaged,,
3DD.0077B0960B,4/22/2019,2019,148,140,Spring,,,Unaged,,
3DD.0077B0BF98,4/25/2019,2019,148,140,Spring,,,Unaged,,
3DD.0077B04625,4/29/2019,2019,148,140,Spring,,,Unaged,,
3DD.0077B2162D,5/9/2019,2019,148,140,Spring,19-67494,3:0,Aged,3,
3DD.0077B06757,3/28/2019,2019,149,140,Spring,,,Unaged,,
3DD.0077B0CB5B,4/18/2019,2019,149,140,Spring,,,Unaged,,
3DD.0077B0DAD2,4/21/2019,2019,149,140,Spring,,,Unaged,,
3DD.0077B0391C,4/25/2019,2019,149,140,Spring,19-67471,2:0,Aged,2,
3DD.0077B0B121,5/8/2019,2019,149,140,Spring,19-67493,2:0,Aged,2,
3DD.0077B07AE6,4/23/2019,2019,150,150,Spring,,,Unaged,,
3DD.0077B054F7,4/24/2019,2019,150,150,Spring,,,Unaged,,
3DD.0077B06270,5/6/2019,2019,150,150,Spring,,,Unaged,,
3DD.0077B066F8,5/6/2019,2019,150,150,Spring,19-67489,2:0,Aged,2,
3DD.0077B0A382,5/7/2019,2019,150,150,Spring,,,Unaged,,
3DD.0077B096E3,4/16/2019,2019,151,150,Spring,,,Unaged,,
3DD.0077B0AF6E,4/20/2019,2019,151,150,Spring,,,Unaged,,
3DD.0077B2343A,4/22/2019,2019,151,150,Spring,19-67465,2:0,Aged,2,
3DD.0077B09D68,4/24/2019,2019,151,150,Spring,,,Unaged,,
3DD.0077B10B6E,5/8/2019,2019,151,150,Spring,,,Unaged,,
3DD.0077B32191,3/28/2019,2019,152,150,Spring,19-67451,2:0,Aged,2,
3DD.0077B0888A,4/2/2019,2019,152,150,Spring,19-67454,2:0,Aged,2,
3DD.0077B0F065,4/14/2019,2019,152,150,Spring,,,Unaged,,
3DD.0077B11885,4/15/2019,2019,152,150,Spring,,,Unaged,,
3DD.0077B11918,4/19/2019,2019,152,150,Spring,19-67461,2:0,Aged,2,
3DD.0077B15B65,5/10/2019,2019,152,150,Spring,19-67495,2:0,Aged,2,
3DD.0077B27A2A,4/3/2019,2019,153,150,Spring,,,Unaged,,
3DD.0077B05603,4/27/2019,2019,154,150,Spring,,,Unaged,,
3DD.0077B0B50D,5/3/2019,2019,154,150,Spring,19-67483,2:0,Aged,2,
3DD.0077B1405E,5/3/2019,2019,154,150,Spring,,,Unaged,,
3DD.0077B124C4,4/25/2019,2019,155,150,Spring,,,Unaged,,
3DD.0077B051FB,5/7/2019,2019,155,150,Spring,,,Unaged,,
3DD.0077B268DD,5/9/2019,2019,155,150,Spring,,,Unaged,,
3DD.0077B0E6F3,4/14/2019,2019,156,150,Spring,19-67456,2:0,Aged,2,
3DD.0077B0F961,4/27/2019,2019,156,150,Spring,,,Unaged,,
3DD.0077B1501C,4/25/2019,2019,157,150,Spring,,,Unaged,,
3DD.0077B244E3,5/6/2019,2019,158,150,Spring,,,Unaged,,
3DD.0077B2C871,5/28/2019,2019,158,150,Spring,,,Unaged,,
3DD.0077B0B34A,4/19/2019,2019,159,150,Spring,,,Unaged,,
3DD.0077AFDBA7,4/22/2019,2019,159,150,Spring,,,Unaged,,
3DD.0077B0BF88,4/27/2019,2019,159,150,Spring,,,Unaged,,
3DD.0077B2E9F1,4/27/2019,2019,160,160,Spring,,,Unaged,,
3DD.0077B26AFD,5/3/2019,2019,160,160,Spring,,,Unaged,,
3DD.0077B2E6CD,5/28/2019,2019,160,160,Spring,,,Unaged,,
3DD.0077B15D02,4/5/2019,2019,161,160,Spring,,,Unaged,,
3DD.0077B02582,4/22/2019,2019,161,160,Spring,,,Unaged,,
3DD.0077AFAD1D,5/4/2019,2019,161,160,Spring,19-67484,3:0,Aged,3,
3DD.0077B125D5,5/5/2019,2019,161,160,Spring,19-67487,3:0,Aged,3,
3DD.0077AFEE23,4/25/2019,2019,162,160,Spring,,,Unaged,,
3DD.0077B14E2B,5/4/2019,2019,162,160,Spring,,,Unaged,,
3DD.0077B2D6F8,5/28/2019,2019,162,160,Spring,,,Unaged,,
3DD.0077B2EA8C,5/28/2019,2019,162,160,Spring,,,Unaged,,
3DD.0077B0A4AC,4/17/2019,2019,163,160,Spring,,,Unaged,,
3DD.0077AFC178,4/19/2019,2019,163,160,Spring,,,Unaged,,
3DD.0077B0CB75,4/25/2019,2019,163,160,Spring,19-67470,2:0,Aged,2,
3DD.0077B2847D,4/3/2019,2019,164,160,Spring,,,Unaged,,
3DD.0077B04992,5/3/2019,2019,164,160,Spring,,,Unaged,,
3DD.0077B04595,4/15/2019,2019,165,160,Spring,,,Unaged,,
3DD.0077B23983,4/16/2019,2019,165,160,Spring,,,Unaged,,
3DD.0077B07CC9,4/24/2019,2019,165,160,Spring,19-67469,3:0,Aged,3,
3DD.0077B0B18C,4/25/2019,2019,165,160,Spring,,,Unaged,,
3DD.0077B086CA,4/26/2019,2019,166,160,Spring,,,Unaged,,
3DD.0077B0051B,5/10/2019,2019,167,160,Spring,,,Unaged,,
3DD.0077B26B75,4/28/2019,2019,169,160,Spring,,,Unaged,,
3DD.0077B04B45,4/20/2019,2019,170,170,Spring,,,Unaged,,
3DD.0077B24CFF,4/25/2019,2019,170,170,Spring,,,Unaged,,
3DD.0077B0F19C,4/25/2019,2019,171,170,Spring,,,Unaged,,
3DD.0077B16245,4/5/2019,2019,173,170,Spring,,,Unaged,,
3DD.0077B13F79,5/9/2019,2019,174,170,Spring,,,Unaged,,
3DD.0077B088FE,4/27/2019,2019,175,170,Spring,19-67475,2:0,Aged,2,
3DD.0077B164A4,4/25/2019,2019,177,170,Spring,19-67473,3:0,Aged,3,
3DD.0077B0E6F8,5/6/2019,2019,178,170,Spring,,,Unaged,,
3DD.0077B320C6,5/3/2019,2019,179,170,Spring,,,Unaged,,
3DD.0077B2DBB3,5/8/2019,2019,180,180,Spring,,,Unaged,,
3DD.0077B04759,4/27/2019,2019,181,180,Spring,,,Unaged,,
3DD.0077B038FE,5/6/2019,2019,181,180,Spring,19-67490,3:0,Aged,3,
3DD.0077B0FE3A,4/28/2019,2019,184,180,Spring,,,Unaged,,
3DD.0077B304CA,4/17/2019,2019,195,190,Spring,,,Unaged,,
3DD.0077B260F2,4/24/2019,2019,202,200,Spring,19-67468,2:0,Aged,2,
